Barangay 1,3119
Barangay 2,1666
Barangay 3,1232
Barangay 4,1717
Barangay 5,1321
Barangay 6,506
Barangay 7,1566
Barangay 8,301
Barangay 9,453
Barangay 10,161
Barangay 11,2790
Barangay 12,1723
Barangay 13,2435
Barangay 14,2479
Barangay 15,1104
Barangay 16,1371
Barangay 17,973
Barangay 18,2006
Barangay 19,2260
Barangay 20,43691
Barangay 25,3000
Barangay 26,2340
Barangay 28,2515
Barangay 29,4422
Barangay 30,170
Barangay 31,3101
Barangay 32,2221
Barangay 33,4343
Barangay 34,1930
Barangay 35,2289
Barangay 36,2267
Barangay 37,2456
Barangay 38,3144
Barangay 39,2498
Barangay 41,3957
Barangay 42,2196
Barangay 43,2949
Barangay 44,841
Barangay 45,2312
Barangay 46,2173
Barangay 47,1677
Barangay 48,4191
Barangay 49,2184
Barangay 50,3806
Barangay 51,2614
Barangay 52,2249
Barangay 53,3218
Barangay 54,1818
Barangay 55,2427
Barangay 56,3377
Barangay 57,815
Barangay 58,4088
Barangay 59,1064
Barangay 60,3800
Barangay 61,1087
Barangay 62,1877
Barangay 63,1588
Barangay 64,443
Barangay 65,1721
Barangay 66,3388
Barangay 67,3641
Barangay 68,966
Barangay 69,2143
Barangay 70,2405
Barangay 71,3486
Barangay 72,3743
Barangay 73,2394
Barangay 74,711
Barangay 75,1631
Barangay 76,1745
Barangay 77,1346
Barangay 78,844
Barangay 79,1601
Barangay 80,2566
Barangay 81,1848
Barangay 82,2662
Barangay 83,1658
Barangay 84,1176
Barangay 85,4051
Barangay 86,1662
Barangay 87,1639
Barangay 88,1052
Barangay 89,728
Barangay 90,645
Barangay 91,4453
Barangay 92,2519
Barangay 93,4586
Barangay 94,2117
Barangay 95,4994
Barangay 96,2230
Barangay 97,3656
Barangay 98,1877
Barangay 99,3682
Barangay 100,2340
Barangay 101,13659
Barangay 102,4616
Barangay 103,5071
Barangay 104,5801
Barangay 105,26494
Barangay 106,2716
Barangay 107,7153
Barangay 108,5114
Barangay 109,3495
Barangay 110,2431
Barangay 111,2676
Barangay 112,5840
Barangay 116,6182
Barangay 117,4262
Barangay 118,10891
Barangay 119,1877
Barangay 120,3886
Barangay 121,4097
Barangay 122,3830
Barangay 123,8879
Barangay 124,307
Barangay 125,3749
Barangay 126,913
Barangay 127,574
Barangay 128,22298
Barangay 129,5207
Barangay 130,1398
Barangay 131,1258
Barangay 132,1151
Barangay 133,2317
Barangay 134,1104
Barangay 135,1946
Barangay 136,1302
Barangay 137,1060
Barangay 138,3217
Barangay 139,440
Barangay 140,568
Barangay 141,553
Barangay 142,1721
Barangay 143,1421
Barangay 144,893
Barangay 145,1109
Barangay 146,2724
Barangay 147,2023
Barangay 148,1827
Barangay 149,1569
Barangay 150,1922
Barangay 151,1725
Barangay 152,6016
Barangay 153,1658
Barangay 154,774
Barangay 155,3292
Barangay 156,1627
Barangay 157,1409
Barangay 158,2037
Barangay 159,1595
Barangay 160,1399
Barangay 161,876
Barangay 162,586
Barangay 163,3850
Barangay 164,1824
Barangay 165,903
Barangay 166,860
Barangay 167,955
Barangay 168,1154
Barangay 169,1100
Barangay 170,1245
Barangay 171,1026
Barangay 172,1038
Barangay 173,1704
Barangay 174,751
Barangay 175,996
Barangay 176,1312
Barangay 177,3440
Barangay 178,1324
Barangay 179,1034
Barangay 180,2160
Barangay 181,2334
Barangay 182,4072
Barangay 183,8512
Barangay 184,2126
Barangay 185,3399
Barangay 186,1492
Barangay 187,717
Barangay 188,872
Barangay 189,1618
Barangay 190,1282
Barangay 191,754
Barangay 192,1771
Barangay 193,928
Barangay 194,746
Barangay 195,1261
Barangay 196,1468
Barangay 197,305
Barangay 198,3840
Barangay 199,2240
Barangay 200,757
Barangay 201,1166
Barangay 202,1289
Barangay 202-A,1037
Barangay 203,2014
Barangay 204,1932
Barangay 205,1832
Barangay 206,2487
Barangay 207,1139
Barangay 208,454
Barangay 209,4704
Barangay 210,3106
Barangay 211,2102
Barangay 212,2131
Barangay 213,3037
Barangay 214,1323
Barangay 215,3147
Barangay 216,2237
Barangay 217,1025
Barangay 218,339
Barangay 219,1117
Barangay 220,1290
Barangay 221,3395
Barangay 222,1760
Barangay 223,1583
Barangay 224,1078
Barangay 225,2275
Barangay 226,1201
Barangay 227,1726
Barangay 228,2697
Barangay 229,1825
Barangay 230,2376
Barangay 231,1389
Barangay 232,1871
Barangay 233,724
Barangay 234,2013
Barangay 235,1264
Barangay 236,603
Barangay 237,223
Barangay 238,390
Barangay 239,1631
Barangay 240,91
Barangay 241,303
Barangay 242,454
Barangay 243,338
Barangay 244,659
Barangay 245,318
Barangay 246,1258
Barangay 247,876
Barangay 248,173
Barangay 249,1750
Barangay 250,1232
Barangay 251,1339
Barangay 252,925
Barangay 253,1339
Barangay 254,3513
Barangay 255,957
Barangay 256,1044
Barangay 257,1341
Barangay 258,708
Barangay 259,2014
Barangay 260,1935
Barangay 261,800
Barangay 262,3638
Barangay 263,1317
Barangay 264,2758
Barangay 265,146
Barangay 266,2072
Barangay 267,1780
,
Barangay 287,3117
Barangay 288,2800
Barangay 289,1352
Barangay 290,1713
Barangay 291,2537
Barangay 292,3113
Barangay 293,3708
Barangay 294,1905
Barangay 295,1417
Barangay 296,2273
,
Barangay 383,2529
Barangay 384,3830
Barangay 385,3549
Barangay 386,1245
Barangay 387,2678
Barangay 388,1553
Barangay 389,1788
Barangay 390,900
Barangay 391,2633
Barangay 392,1115
Barangay 393,4130
Barangay 394,1487
Barangay 306,1273
Barangay 307,1399
Barangay 308,965
Barangay 309,1162
,
Barangay 268,609
Barangay 269,1095
Barangay 270,954
Barangay 271,1315
Barangay 272,1103
Barangay 273,454
Barangay 274,2062
Barangay 275,20995
Barangay 276,3077
Barangay 281,3436
Barangay 282,2503
Barangay 283,1364
Barangay 284,1076
Barangay 285,2091
Barangay 286,4216
,
Barangay 297,2015
Barangay 298,1079
Barangay 299,1447
Barangay 300,1341
Barangay 301,505
Barangay 302,766
Barangay 303,738
Barangay 304,307
Barangay 305,899
Barangay 310,13761
Barangay 311,1805
Barangay 312,2945
Barangay 313,3587
Barangay 314,1630
Barangay 315,2150
Barangay 316,856
Barangay 317,1573
Barangay 318,781
Barangay 319,1358
Barangay 320,1416
Barangay 321,384
Barangay 322,867
Barangay 323,1076
Barangay 324,643
Barangay 325,526
Barangay 326,841
Barangay 327,1242
Barangay 328,659
Barangay 329,459
Barangay 330,2949
Barangay 331,860
Barangay 332,640
Barangay 333,1024
Barangay 334,1467
Barangay 335,1078
Barangay 336,1986
Barangay 337,1203
Barangay 338,1426
Barangay 339,1551
Barangay 340,1785
Barangay 341,1615
Barangay 342,1765
Barangay 343,3037
Barangay 344,644
Barangay 345,1332
Barangay 346,1501
Barangay 347,1283
Barangay 348,955
Barangay 349,548
Barangay 350,8026
Barangay 351,3415
Barangay 352,1401
Barangay 353,3010
Barangay 354,2200
Barangay 355,1118
Barangay 356,443
Barangay 357,553
Barangay 358,1167
Barangay 359,459
Barangay 360,796
Barangay 361,726
Barangay 362,290
Barangay 363,616
Barangay 364,2057
Barangay 365,1387
Barangay 366,1256
Barangay 367,2063
Barangay 368,658
Barangay 369,1785
Barangay 370,628
Barangay 371,858
Barangay 372,4332
Barangay 373,3977
Barangay 374,4221
Barangay 375,4466
Barangay 376,962
Barangay 377,663
Barangay 378,683
Barangay 379,729
Barangay 380,957
Barangay 381,1473
Barangay 382,804
,
Barangay 395,1228
Barangay 396,4237
Barangay 397,8835
Barangay 398,2413
Barangay 399,1647
Barangay 400,1458
Barangay 401,2112
Barangay 402,2778
Barangay 403,755
Barangay 404,1268
Barangay 405,1153
Barangay 406,651
Barangay 407,2637
Barangay 408,1774
Barangay 409,1673
Barangay 410,2565
Barangay 411,2182
Barangay 412,2015
Barangay 413,1907
Barangay 414,1603
Barangay 415,795
Barangay 416,1099
Barangay 417,1818
Barangay 418,2977
Barangay 419,1567
Barangay 420,2890
Barangay 421,1264
Barangay 422,2650
Barangay 423,1369
Barangay 424,2079
Barangay 425,1792
Barangay 426,1529
Barangay 427,395
Barangay 428,924
Barangay 429,3113
Barangay 430,463
Barangay 431,656
Barangay 432,3132
Barangay 433,523
Barangay 434,1582
Barangay 435,471
Barangay 436,967
Barangay 437,983
Barangay 438,648
Barangay 439,821
Barangay 440,918
Barangay 441,666
Barangay 442,688
Barangay 443,1084
Barangay 444,582
Barangay 445,941
Barangay 446,769
Barangay 447,1259
Barangay 448,1167
Barangay 449,1360
Barangay 450,1603
Barangay 451,1030
Barangay 452,693
Barangay 453,1066
Barangay 454,936
Barangay 455,1287
Barangay 456,1589
Barangay 457,2895
Barangay 458,1649
Barangay 459,1049
Barangay 460,861
Barangay 461,733
Barangay 462,1594
Barangay 463,856
Barangay 464,3138
Barangay 465,1292
Barangay 466,1448
Barangay 467,1417
Barangay 468,1364
Barangay 469,2424
Barangay 470,1487
Barangay 471,1773
Barangay 472,1126
Barangay 473,1395
Barangay 474,1614
Barangay 475,1701
Barangay 476,1213
Barangay 477,1082
Barangay 478,935
Barangay 479,3179
Barangay 480,1073
Barangay 481,1943
Barangay 482,864
Barangay 483,1397
Barangay 484,2285
Barangay 485,1800
Barangay 486,687
Barangay 487,1464
Barangay 488,818
Barangay 489,1224
Barangay 490,1048
Barangay 491,926
Barangay 492,1165
Barangay 493,858
Barangay 494,1663
Barangay 495,1443
Barangay 496,1085
Barangay 497,1601
Barangay 498,1029
Barangay 499,1435
Barangay 500,1404
Barangay 501,941
Barangay 502,920
Barangay 503,1038
Barangay 504,1361
Barangay 505,788
Barangay 506,816
Barangay 507,1526
Barangay 508,1020
Barangay 509,814
Barangay 510,1010
Barangay 511,1129
Barangay 512,2560
Barangay 513,1929
Barangay 514,2196
Barangay 515,2289
Barangay 516,1192
Barangay 517,1355
Barangay 518,2019
Barangay 519,1385
Barangay 520,695
Barangay 521,1582
Barangay 522,1082
Barangay 523,1299
Barangay 524,796
Barangay 525,1673
Barangay 526,805
Barangay 527,2424
Barangay 528,1510
Barangay 529,944
Barangay 530,503
Barangay 531,1310
Barangay 532,1085
Barangay 533,948
Barangay 534,1128
Barangay 535,1037
Barangay 536,1045
Barangay 537,1474
Barangay 538,971
Barangay 539,2015
Barangay 540,2024
Barangay 541,812
Barangay 542,336
Barangay 543,830
Barangay 544,45
Barangay 545,934
Barangay 546,768
Barangay 547,1170
Barangay 548,771
Barangay 549,770
Barangay 550,657
Barangay 551,591
Barangay 552,942
Barangay 553,1454
Barangay 554,1581
Barangay 555,1151
Barangay 556,909
Barangay 557,1352
Barangay 558,1198
Barangay 559,1535
Barangay 560,1133
Barangay 561,2387
Barangay 562,2261
Barangay 563,1549
Barangay 564,1451
Barangay 565,2658
Barangay 566,2177
Barangay 567,2437
Barangay 568,1881
Barangay 569,2107
Barangay 570,1897
Barangay 571,2452
Barangay 572,1617
Barangay 573,716
Barangay 574,1043
Barangay 575,1078
Barangay 576,2112
Barangay 577,801
Barangay 578,1186
Barangay 579,1468
Barangay 580,1889
Barangay 581,2212
Barangay 582,1269
Barangay 583,1228
Barangay 584,3486
Barangay 585,1138
Barangay 586,6859
Barangay 587,2685
Barangay 587-A,1227
Barangay 588,1037
Barangay 589,559
Barangay 590,2854
Barangay 591,2085
Barangay 592,2119
Barangay 593,1628
Barangay 594,686
Barangay 595,4229
Barangay 596,2467
Barangay 597,1544
Barangay 598,10510
Barangay 599,4577
Barangay 600,6276
Barangay 601,7765
Barangay 602,2027
Barangay 603,739
Barangay 604,1581
Barangay 605,2242
Barangay 606,443
Barangay 607,1443
Barangay 608,821
Barangay 609,859
Barangay 610,991
Barangay 611,774
Barangay 612,718
Barangay 613,579
Barangay 614,406
Barangay 615,1875
Barangay 616,1117
Barangay 617,1300
Barangay 618,749
Barangay 619,1288
Barangay 620,736
Barangay 621,2070
Barangay 622,1229
Barangay 623,980
Barangay 624,1510
Barangay 625,794
Barangay 626,1502
Barangay 627,1618
Barangay 628,16279
Barangay 629,1640
Barangay 630,6552
Barangay 631,1045
Barangay 632,576
Barangay 633,548
Barangay 634,960
Barangay 635,723
Barangay 636,2025
,
Barangay 637,1320
Barangay 638,828
Barangay 639,475
Barangay 640,2179
Barangay 641,805
Barangay 642,1355
Barangay 643,659
Barangay 644,735
Barangay 645,1716
Barangay 646,970
Barangay 647,3019
Barangay 648,9086
,
Barangay 659,439
Barangay 659-A,3547
Barangay 660,387
Barangay 660-A,3099
Barangay 661,486
Barangay 666,904
Barangay 667,3010
Barangay 668,2905
Barangay 669,3738
Barangay 670,2904
Barangay 663,704
Barangay 663-A,185
Barangay 664,555
Intramuros,7437
Barangay 654,1492
Barangay 655,1714
Barangay 656,519
Barangay 657,919
Barangay 658,2793
,
Barangay 689,736
Barangay 690,544
Barangay 691,434
Barangay 692,2508
Barangay 693,557
Barangay 694,1478
Barangay 695,722
Barangay 696,4121
Barangay 697,3568
Barangay 698,1759
Barangay 699,2733
Barangay 700,140
Barangay 701,3328
Barangay 702,3572
Barangay 703,848
Barangay 704,5339
Barangay 705,2696
Barangay 706,301
Barangay 707,1081
Barangay 708,788
Barangay 709,5339
Barangay 710,747
Barangay 711,1308
Barangay 712,1225
Barangay 713,2091
Barangay 714,1617
Barangay 715,217
Barangay 716,836
Barangay 717,491
Barangay 718,1196
Barangay 719,8846
Barangay 720,1604
Barangay 721,583
Barangay 722,682
Barangay 723,588
Barangay 724,2459
Barangay 725,1990
Barangay 726,738
Barangay 727,2842
Barangay 728,886
Barangay 729,1775
Barangay 730,2443
Barangay 731,2933
Barangay 732,1983
Barangay 733,4317
Barangay 738,3548
Barangay 739,4598
Barangay 740,4185
Barangay 741,1296
Barangay 742,836
Barangay 743,2028
Barangay 744,1253
Barangay 688,756
Barangay 735,2038
Barangay 736,3825
Barangay 737,2615
Barangay 734,792
,
Barangay 662,1753
Barangay 664-A,689
Barangay 671,1239
Barangay 672,3268
Barangay 673,2539
Barangay 674,1629
Barangay 675,2044
Barangay 676,2564
Barangay 677,2235
Barangay 678,1335
Barangay 679,860
Barangay 680,1085
Barangay 681,1453
Barangay 682,747
Barangay 683,869
Barangay 684,2685
Barangay 685,869
Barangay 809,1479
Barangay 810,2073
Barangay 811,2242
Barangay 812,1722
Barangay 813,967
Barangay 814,2528
Barangay 815,1470
Barangay 816,806
Barangay 817,1395
Barangay 818,1424
Barangay 819,2280
Barangay 820,1362
Barangay 821,2474
Barangay 822,1087
Barangay 823,3590
Barangay 824,1378
Barangay 825,463
Barangay 826,2048
Barangay 827,2719
Barangay 828,2715
Barangay 829,4375
Barangay 830,5407
Barangay 831,3678
Barangay 832,2990
Barangay 686,3306
Barangay 687,2106
,
Barangay 833,1517
Barangay 834,1918
Barangay 835,2943
Barangay 836,5673
Barangay 837,3188
Barangay 838,3238
Barangay 839,2052
Barangay 840,2820
Barangay 841,2541
Barangay 842,2831
Barangay 843,9355
Barangay 844,4285
Barangay 845,1527
Barangay 846,1996
Barangay 847,3132
Barangay 848,1589
Barangay 849,1908
Barangay 850,2655
Barangay 851,1121
Barangay 852,979
Barangay 853,291
Barangay 855,2319
Barangay 856,1733
Barangay 857,1907
Barangay 858,718
Barangay 859,1377
Barangay 860,3480
Barangay 861,1131
Barangay 862,2525
Barangay 863,1492
Barangay 864,822
Barangay 865,86
Barangay 867,2396
Barangay 868,3002
Barangay 870,3139
Barangay 871,2480
Barangay 872,1950
Barangay 869,2078
,
Barangay 649,69769
Barangay 650,4889
Barangay 651,2033
Barangay 652,34
Barangay 653,58
,
Barangay 745,1826
Barangay 746,1494
Barangay 747,381
Barangay 748,888
Barangay 749,673
Barangay 750,1220
Barangay 751,1175
Barangay 752,782
Barangay 753,2531
Barangay 755,1722
Barangay 756,736
Barangay 757,488
Barangay 758,487
Barangay 759,802
Barangay 760,966
Barangay 761,1097
Barangay 762,391
Barangay 763,1984
Barangay 764,2073
Barangay 765,2215
Barangay 766,3321
Barangay 767,5497
Barangay 768,1403
Barangay 769,2317
Barangay 770,9673
Barangay 771,1902
Barangay 772,2439
Barangay 773,2656
Barangay 774,2909
Barangay 775,12116
Barangay 776,4606
Barangay 777,3100
Barangay 778,1860
Barangay 779,4450
Barangay 780,2340
Barangay 781,4337
Barangay 782,1619
Barangay 783,2341
Barangay 784,3425
Barangay 785,1081
Barangay 786,1476
Barangay 787,3646
Barangay 788,933
Barangay 789,1763
Barangay 790,1825
Barangay 791,2060
Barangay 792,2648
Barangay 793,1735
Barangay 794,709
Barangay 795,1214
Barangay 796,672
Barangay 797,268
Barangay 798,1586
Barangay 799,570
Barangay 800,1541
Barangay 801,832
Barangay 802,1840
Barangay 803,1830
Barangay 804,1331
Barangay 805,1396
Barangay 806,1604
Barangay 807,2066
Barangay 866,4046
Barangay 873,1335
Barangay 874,2030
Barangay 875,1003
Barangay 876,601
Barangay 877,805
Barangay 878,504
Barangay 879,544
Barangay 880,3751
Barangay 881,2443
Barangay 882,1312
Barangay 883,2239
Barangay 884,2341
Barangay 885,694
Barangay 886,406
Barangay 887,723
Barangay 888,846
Barangay 889,952
Barangay 890,1063
Barangay 891,931
Barangay 892,1294
Barangay 893,674
Barangay 894,1724
Barangay 895,720
Barangay 896,1371
Barangay 897,2184
Barangay 898,7812
Barangay 899,1569
Barangay 900,8689
Barangay 901,1616
Barangay 902,1337
Barangay 903,3879
Barangay 904,1799
Barangay 905,7428
Barangay 754,2595
Barangay 808,2330
Barangay 818-A,1659
