barangay,brgy_area_sqm,flood_area_5yr_sqm,flood_pct_5yr,flood_area_25yr_sqm,flood_pct_25yr,flood_area_100yr_sqm,flood_pct_100yr
Barangay 1,49547.49052,8264.84553,16.68065414,21069.56505,42.52398017,24194.31706,48.83055994
Barangay 10,6057.586255,5544.134717,91.52382622,5999.129222,99.03497811,6033.964192,99.61004165
Barangay 100,29349.50017,8985.70692,30.61621789,14348.68769,48.88903596,15223.07888,51.86827302
Barangay 101,103997.3695,37525.24293,36.082877,57378.99726,55.17350824,61606.83974,59.23884422
Barangay 102,23899.67584,4506.429582,18.85560965,14200.1785,59.41577869,20019.91562,83.76647348
Barangay 103,32949.78616,9041.836022,27.44125858,23223.04564,70.48011033,25337.28607,76.89666314
Barangay 104,38937.84097,4601.985723,11.81880045,10317.00908,26.49609948,17829.42449,45.78945326
Barangay 105,506875.731,80045.87693,15.79201213,108942.1311,21.49286786,130714.6363,25.78830042
Barangay 106,74642.56004,24856.78837,33.30109304,41851.64708,56.06941544,39460.30375,52.86568913
Barangay 107,157325.8228,22874.95854,14.53986264,32646.9016,20.75113991,38595.51224,24.532217
Barangay 108,32049.21117,195.9414709,0.611376891,2133.676067,6.657499479,3444.303411,10.74692101
Barangay 109,26787.33504,80.86410133,0.301874379,434.8756599,1.623437566,5059.952838,18.88934764
Barangay 11,13361.45387,4926.125081,36.86818164,10852.22198,81.22036785,7714.529101,57.7371982
Barangay 110,178172.8716,57507.54946,32.2762657,75327.42596,42.27771898,88720.55902,49.79465067
Barangay 111,14528.53754,1590.840799,10.94976555,5220.771535,35.93459782,5711.810688,39.31442287
Barangay 112,27445.57988,12375.7827,45.0920795,17431.48945,63.51292093,18608.35179,67.80090592
Barangay 116,42310.69238,21367.25441,50.50083845,33884.84691,80.08577738,36424.19684,86.08745163
Barangay 117,20995.05205,5109.451875,24.33645729,12030.53154,57.30174667,18414.52121,87.7088619
Barangay 118,141955.9136,10291.52627,7.249804542,20294.23924,14.29615627,23236.10556,16.36853651
Barangay 119,18636.15815,3753.770137,20.14240331,7033.634216,37.74186803,7831.965112,42.02564203
Barangay 12,20566.10426,3337.611326,16.22869982,7607.444651,36.99020755,6379.390914,31.0189564
Barangay 120,16996.94357,0,0,400,2.353364289,962.5258445,5.662934873
Barangay 121,28003.33959,2182.314222,7.793049878,4177.875394,14.91920412,6415.286422,22.90900484
Barangay 122,23231.61225,8168.861072,35.16269548,15055.35456,64.80546592,21333.63661,91.83020264
Barangay 123,98787.31996,6340.766748,6.418603876,8802.667798,8.910726398,8670.060317,8.776491072
Barangay 124,30715.56182,15995.00315,52.07459087,30415.56182,99.02329639,30015.56182,97.72102492
Barangay 125,15408.2653,4723.514554,30.65571926,12229.90479,79.37236636,13737.76795,89.15843334
Barangay 126,136570.365,60274.7369,44.13456527,111882.5112,81.9229788,108885.4573,79.72846615
Barangay 127,45215.56914,22599.67136,49.98205659,44078.55098,97.48533926,43684.10751,96.6129772
Barangay 128,1064549.236,253493.6413,23.81229845,329055.2008,30.9102848,360822.6182,33.89440394
Barangay 129,47163.94747,25755.55038,54.6085554,40149.66257,85.1278672,41045.64177,87.02757926
Barangay 13,12419.706,8241.271193,66.35641128,12299.26254,99.03022293,9904.001897,79.74425398
Barangay 130,33233.30113,30272.12482,91.08973166,32454.43221,97.65636007,32454.43257,97.65636114
Barangay 131,25719.13993,24534.01199,95.392039,25719.13993,100,25719.13993,100
Barangay 132,42084.65974,37662.65876,89.49260607,41735.416,99.17014003,41831.48949,99.39842629
Barangay 133,75512.8017,61473.83609,81.40849591,72162.04544,95.56266463,71565.97195,94.77329716
Barangay 134,33839.73335,33839.73335,100,33839.73335,100,33839.73335,100
Barangay 135,32412.559,30311.82902,93.51877775,32012.559,98.76591046,32312.559,99.69147762
Barangay 136,28726.77462,25023.84483,87.10983103,28726.77462,100,28726.77462,100
Barangay 137,30180.53166,30080.53166,99.66866058,30180.53166,100,30180.53166,100
Barangay 138,25694.31309,21296.43577,82.88384941,25694.31309,100,25594.31309,99.61080882
Barangay 139,7163.013212,7163.013212,100,7163.013212,100,7163.013212,100
Barangay 14,14470.69704,9151.683861,63.24286822,14070.69704,97.23579314,10514.13511,72.65811096
Barangay 140,32470.73935,31470.73935,96.92030419,32470.73935,100,32470.73935,100
Barangay 141,6964.05106,5602.908599,80.45473174,6964.05106,100,6964.05106,100
Barangay 142,16766.4213,7025.484549,41.9021115,16707.71314,99.64984682,15976.62582,95.28942124
Barangay 143,10294.62289,8476.130364,82.33551104,10294.62289,100,10094.62289,98.05723821
Barangay 144,31321.17474,28101.62239,89.72084422,31321.17474,100,31321.17474,100
Barangay 145,17633.45297,17327.72273,98.26619185,17633.45297,100,17633.45297,100
Barangay 146,37439.83879,20704.6757,55.30118817,37267.6158,99.54000073,37053.2409,98.96741571
Barangay 147,130081.0962,95939.77764,73.75382008,114483.5371,88.0093576,122520.4965,94.18777986
Barangay 148,104792.2009,70872.37924,67.63134913,89587.80858,85.49091232,94930.36297,90.58914897
Barangay 149,21491.37172,5035.74079,23.43145358,19238.3411,89.51658064,21290.99232,99.06762861
Barangay 15,6985.179038,729.5933624,10.44487705,2522.212488,36.10805785,1644.102366,23.53701111
Barangay 150,47675.96782,12798.25727,26.84425268,27290.71128,57.24207085,29017.58843,60.86418328
Barangay 151,52452.97354,31390.79834,59.84560307,43105.53568,82.17939379,46428.50105,88.51452628
Barangay 152,25177.07763,24508.69953,97.34529118,25177.07763,100,25177.07763,100
Barangay 153,20940.92375,18533.75656,88.50496174,20691.14424,98.80721827,20940.92375,100
Barangay 154,24219.239,17304.92598,71.45115493,22996.99879,94.95343266,23861.90466,98.52458477
Barangay 155,18077.41439,16200.7458,89.61871125,17377.47388,96.12809391,18077.41439,100
Barangay 156,43379.90328,22996.84211,53.01266339,39005.44048,89.91592312,41799.55765,96.35696369
Barangay 157,18031.15359,11663.76005,64.68671006,15900.72406,88.18472972,15755.18249,87.37756242
Barangay 158,24130.90142,18010.30783,74.63586841,23039.78255,95.47833356,23038.54457,95.47320328
Barangay 159,13711.2333,3292.397492,24.01240952,8967.065586,65.39940928,12501.69558,91.17849069
Barangay 16,10593.90742,4014.876075,37.89797209,6822.840738,64.40343936,6356.168142,59.99833577
Barangay 160,14943.09305,11601.99792,77.64120774,13054.98654,87.3646875,12324.2767,82.47473708
Barangay 161,30063.30899,13815.07735,45.95328265,22429.09502,74.60620861,25235.02246,83.93960383
Barangay 162,23446.46766,20660.27712,88.11680043,21904.37167,93.42290698,22007.81541,93.86409811
Barangay 163,45351.65434,12194.44265,26.88863907,31909.88977,70.36102704,40195.79126,88.63136713
Barangay 164,26613.36145,6638.582036,24.94454543,16275.83784,61.15664073,21697.7108,81.52938834
Barangay 165,22703.25255,19282.08651,84.93094314,21350.9603,94.04361885,21683.70626,95.50925011
Barangay 166,33590.15087,28114.3844,83.69829747,33590.15087,100,33590.15087,100
Barangay 167,28767.11326,18699.25416,65.0021919,26911.37578,93.54910083,28767.11326,100
Barangay 168,30099.75805,29899.75805,99.33554283,30099.75805,100,30099.75805,100
Barangay 169,27424.25892,27424.25892,100,27424.25892,100,27424.25892,100
Barangay 17,9083.652322,1789.351093,19.69858632,2663.027472,29.3167041,2124.323711,23.38622875
Barangay 170,19400.05663,19400.05663,100,19400.05663,100,19400.05663,100
Barangay 171,27048.24058,27048.24058,100,27048.24058,100,27048.24058,100
Barangay 172,45274.95711,45274.95711,100,45274.95711,100,45274.95711,100
Barangay 173,30457.95567,14229.71159,46.71919461,20424.24985,67.05719212,27589.40401,90.58192974
Barangay 174,25600.75939,13260.02086,51.79542005,22315.57707,87.1676372,24640.64349,96.24965852
Barangay 175,36800.85337,36005.48684,97.83872803,36800.85337,100,36800.85337,100
Barangay 176,44296.57975,44296.57975,100,44296.57975,100,44296.57975,100
Barangay 177,137195.7578,101697.394,74.12575694,115775.6001,84.38715739,118077.2552,86.06480047
Barangay 178,22836.09809,22712.8703,99.46038161,22836.09809,100,22836.09809,100
Barangay 179,32292.58303,4628.4504,14.33285902,11113.80926,34.41598105,28210.70146,87.3596932
Barangay 18,23254.75889,4419.857837,19.00625097,6956.854378,29.91583103,6974.853524,29.99323087
Barangay 180,35218.18325,12907.80847,36.65097764,19235.11074,54.61698749,19208.98958,54.54281797
Barangay 181,18478.77093,2022.948127,10.94741709,9548.06867,51.67047476,16065.22846,86.93883658
Barangay 182,52708.31583,12980.38217,24.6268202,14780.38217,28.0418411,11758.9796,22.30953392
Barangay 183,41175.74111,26133.36818,63.46787568,28738.94914,69.79582726,30129.69505,73.17341288
Barangay 184,45059.85738,34268.00831,76.04997066,43750.73144,97.09469578,43694.28199,96.96941919
Barangay 185,34307.67772,1160.501754,3.382629871,9475.973061,27.62056103,23904.08058,69.67560081
Barangay 186,46218.82759,15055.2818,32.5739154,34303.00453,74.2186817,43202.63707,93.47410855
Barangay 187,11007.71987,5937.412056,53.93861879,6655.035435,60.45789242,8174.47386,74.26128172
Barangay 188,13971.38392,0,0,0,0,0,0
Barangay 189,24231.3816,1918.284334,7.916528929,2627.900479,10.84502949,3766.797444,15.5451204
Barangay 19,18784.17899,1124.549992,5.986686948,3271.260055,17.41497489,4659.047749,24.8030417
Barangay 190,15567.25495,132.5667523,0.851574363,137.7408134,0.884811188,122.9732059,0.789947915
Barangay 191,10480.28503,166.5896431,1.589552598,305.8656989,2.918486452,352.4250934,3.362743401
Barangay 192,34078.49826,6281.890689,18.43359012,7676.515008,22.52597796,5860.097206,17.19587865
Barangay 193,11325.53532,174.4182168,1.540043909,274.4182169,2.423004381,800.1798765,7.065272006
Barangay 194,16996.97254,1422.845217,8.371168534,1522.845217,8.959508602,1063.028678,6.254223662
Barangay 195,10564.47036,2146.488282,20.31799237,2346.488282,22.21113034,2100.489775,19.88258476
Barangay 196,20158.04659,10511.25273,52.14420296,12479.17438,61.90666505,12864.67061,63.81903403
Barangay 197,14540.09488,10048.3053,69.10756349,11502.81101,79.11097627,13961.96465,96.02388958
Barangay 198,43310.44115,34284.86555,79.16073962,42510.44115,98.15287035,42240.25565,97.52903579
Barangay 199,35797.29837,35520.35658,99.22636122,35797.29837,100,35497.29837,99.16194793
Barangay 2,37885.96861,5076.648009,13.39981052,16510.81894,43.58030043,27996.49208,73.89673038
Barangay 20,1372542.318,237854.0525,17.32945129,324304.4341,23.62800985,342564.3455,24.95838131
Barangay 200,15201.7173,14980.87216,98.54723563,15110.84324,99.40221187,14982.68669,98.55917195
Barangay 201,52254.55865,45595.32144,87.25616027,48196.35235,92.23377557,49577.63877,94.87715531
Barangay 202,32693.32741,32116.85278,98.23672083,32639.911,99.83661371,32693.32741,100
Barangay 202-A,19509.65601,11901.59379,61.00360657,12810.28572,65.66125879,13888.17112,71.1861404
Barangay 203,60626.15847,50768.55326,83.74034335,56909.729,93.8699242,54406.45017,89.74088339
Barangay 204,51658.44156,48054.53432,93.02358505,50374.87103,97.51527438,49070.31357,94.98992243
Barangay 205,46420.66339,42972.77609,92.57251609,45320.66339,97.63036562,44928.49968,96.78556142
Barangay 206,41468.85937,17761.69582,42.83140671,24203.54818,58.36559901,27323.04789,65.88811051
Barangay 207,49573.15189,20265.96995,40.88093892,25112.02291,50.65649843,27926.44368,56.33380695
Barangay 208,30034.31654,8835.270646,29.41725221,12496.04301,41.60588438,13452.10346,44.78911128
Barangay 209,62757.17294,26213.61395,41.76990888,42405.06611,67.57007067,40333.56406,64.2692495
Barangay 210,36300.4379,15150.27233,41.73578394,29695.11757,81.80374479,25622.95726,70.58580763
Barangay 211,31201.7465,4097.71264,13.13295921,11319.96847,36.27991935,10394.77504,33.31472179
Barangay 212,29140.31032,6848.678982,23.50242296,12349.19668,42.37839799,12980.24699,44.54395594
Barangay 213,31877.40953,29087.28683,91.24733554,31640.23412,99.25597654,30808.19357,96.64585054
Barangay 214,15968.28195,15468.28195,96.86879276,15968.28195,100,15968.28195,100
Barangay 215,17807.55859,16177.12653,90.84415729,17807.55859,100,17449.19745,97.98758974
Barangay 216,31772.3092,25892.92516,81.49525739,29909.4846,94.1369556,30299.88629,95.36570385
Barangay 217,28037.5196,27146.00428,96.82027748,27911.23273,99.54957903,28037.5196,100
Barangay 218,22509.64563,16004.56298,71.10091043,22177.42222,98.52408423,22200.70564,98.62752177
Barangay 219,36886.77603,32128.24171,87.0996199,36486.77603,98.91560054,35386.77603,95.93350202
Barangay 220,53597.29662,39926.56365,74.49361473,48860.6669,91.16255852,46229.546,86.25350329
Barangay 221,25073.15531,21138.2855,84.30644344,25073.09582,99.99976273,24673.15531,98.40466828
Barangay 222,17339.25502,5249.214259,30.27358587,9489.985366,54.73121742,13131.77871,75.73438819
Barangay 223,18880.34746,15078.25225,79.86215448,18880.34746,100,18880.34746,100
Barangay 224,37855.2252,32855.2252,86.79178377,37755.2252,99.73583568,37455.2252,98.9433427
Barangay 225,15659.48083,11050.54134,70.56773757,15359.48083,98.08422768,15459.48083,98.72281845
Barangay 226,24461.27382,17355.37694,70.95042174,23361.27382,95.503096,22861.27382,93.45904873
Barangay 227,46387.35166,44184.53818,95.25126268,46387.35166,100,46187.35166,99.56884799
Barangay 228,15176.95508,14579.76856,96.06517568,15176.95508,100,14776.95508,97.36442522
Barangay 229,18801.2081,7838.306506,41.69044067,14894.9516,79.22337502,17464.16364,92.88851838
Barangay 230,10918.05074,1101.394056,10.08782687,5526.871527,50.62141272,9279.061416,84.98826058
Barangay 231,24298.73228,17502.68329,72.03126108,23325.79755,95.99594447,22803.05746,93.84463844
Barangay 232,37408.55,6855.053402,18.32483056,17110.3129,45.73904334,26693.63249,71.35703601
Barangay 233,21361.12845,10904.11311,51.04652191,17163.04766,80.347102,19959.55606,93.43867814
Barangay 234,41295.8363,27379.26321,66.30029965,36472.35867,88.31969984,38895.8363,94.18827607
Barangay 235,24268.06592,17906.75038,73.78729908,22056.415,90.88657939,22268.06592,91.75871696
Barangay 236,28623.27724,21461.23732,74.97826731,28208.57036,98.55115512,28099.51409,98.17014959
Barangay 237,22232.7737,9055.160457,40.72888331,18654.87945,83.90711704,18692.16449,84.07482009
Barangay 238,16558.9812,15869.41334,95.83568664,16558.9812,100,16358.9812,98.79219623
Barangay 239,22655.27068,8681.408647,38.31959798,22655.27068,100,21855.27068,96.46881288
Barangay 240,13508.93071,10243.6914,75.82903205,13508.93071,100,13508.93071,100
Barangay 241,86329.17438,18431.81432,21.3506204,63507.63706,73.56451341,62325.4197,72.1950837
Barangay 242,23838.29218,20772.69192,87.14001726,23838.29218,100,23453.80803,98.38711537
Barangay 243,14843.79226,6388.675657,43.03937662,14843.79226,100,14121.79085,95.13600435
Barangay 244,13238.87653,10747.16531,81.17883179,13238.87653,100,13238.87653,100
Barangay 245,10047.07464,4975.708396,49.52395176,9894.945225,98.48583378,9808.331772,97.62375744
Barangay 246,18581.84968,10579.71808,56.93576401,18511.84968,99.62328831,17781.84968,95.69472354
Barangay 247,14110.44865,6321.768176,44.80203523,14110.44865,100,14110.44865,100
Barangay 248,8639.426522,5804.392554,67.18492876,8437.769533,97.66585214,8306.284577,96.14393451
Barangay 249,14759.89038,9896.826445,67.05216767,13592.39216,92.0900617,13759.89038,93.22488193
Barangay 25,22004.2195,5591.178495,25.40957426,12702.56495,57.72785964,7580.0983,34.44838522
Barangay 250,35091.83319,32812.02043,93.50329536,35091.83319,100,34889.0224,99.42205702
Barangay 251,9615.931005,3024.127886,31.44914294,8645.793794,89.9111463,9615.931005,100
Barangay 252,8881.93743,8377.531757,94.32099497,8881.93743,100,8881.93743,100
Barangay 253,23746.60067,11822.68028,49.78683242,19383.08991,81.62469307,21549.31489,90.74694603
Barangay 254,48516.64073,12145.57074,25.03382459,36484.63232,75.20024422,35059.79604,72.26344509
Barangay 255,22534.75485,5181.527112,22.99349226,11076.68725,49.1537952,15541.80103,68.96813892
Barangay 256,21409.96509,4946.797238,23.10511585,7553.135964,35.27860009,7268.014228,33.94687566
Barangay 257,11517.4234,7986.039932,69.33877181,11460.78783,99.50826176,11279.41936,97.93353052
Barangay 258,21976.22038,9388.982816,42.72337397,13875.46154,63.13852564,17736.66283,80.70843176
Barangay 259,67605.40644,59153.82619,87.49866217,67605.40644,100,66106.34996,97.78263817
Barangay 26,19616.63741,4401.821645,22.43922622,8511.918694,43.39132398,7199.716106,36.70209096
Barangay 260,39570.36195,39564.23454,99.98451514,39570.36195,100,39570.36195,100
Barangay 261,15450.94233,9668.583262,62.57601029,15450.94233,100,14441.08904,93.46413142
Barangay 262,44795.94789,38951.1089,86.95230425,44795.94789,100,43795.8957,97.76753872
Barangay 263,15118.28778,15118.28778,100,15118.28778,100,15118.28778,100
Barangay 264,25867.89737,20061.08648,77.55205688,25767.89737,99.61342045,24227.44792,93.65835798
Barangay 265,14799.19649,6139.277643,41.4838579,14799.19649,100,13349.49923,90.20421638
Barangay 266,27203.90467,25984.15222,95.51625963,27203.90467,100,26868.66743,98.76768706
Barangay 267,13004.4363,12284.4963,94.4638892,13004.4363,100,13004.4363,100
Barangay 268,43751.50881,42048.94851,96.1085678,43751.50881,100,42802.04576,97.82987357
Barangay 269,42187.59915,39238.47523,93.00950047,42187.59915,100,40765.53013,96.62917765
Barangay 270,37066.27802,12957.16272,34.95674076,37048.41808,99.95181619,25292.18225,68.23502007
Barangay 271,61411.34022,33300.19542,54.22483096,61411.34022,100,51196.20167,83.36603873
Barangay 272,19704.60346,3163.474648,16.05449536,15707.77943,79.71629302,6959.228573,35.31778037
Barangay 273,20416.09816,5347.020712,26.19021848,13715.84879,67.18153823,6875.438844,33.67655657
Barangay 274,12106.97161,100,0.825970385,6114.80068,50.5064427,1207.425666,9.972978415
Barangay 275,269671.8395,53439.27201,19.81640802,78961.31151,29.280518,85571.18079,31.7315968
Barangay 276,20811.33334,3295.510076,15.8351703,20096.87721,96.56698534,8656.284942,41.59409107
Barangay 28,22585.77352,9168.224549,40.59291811,12833.93164,56.8230777,12491.24567,55.30581304
Barangay 281,92878.37468,32970.22861,35.49828334,71276.10675,76.74133725,49474.90771,53.26848998
Barangay 282,111311.3408,37279.71926,33.49139358,88963.66576,79.92327205,66264.5664,59.53083117
Barangay 283,50364.59806,23500.1142,46.65998559,32918.75398,65.36089883,31984.30916,63.50553839
Barangay 284,53255.57541,10097.02292,18.95956027,17464.98942,32.79466851,13491.6278,25.33373774
Barangay 285,54907.65245,13869.7384,25.26011909,24567.65537,44.74359087,18554.23522,33.79171097
Barangay 286,45969.34887,16186.8782,35.21232864,23876.07393,51.93911709,25607.80293,55.70625551
Barangay 287,127750.6876,105112.5772,82.27946103,127695.1042,99.95649072,119062.2504,93.19891161
Barangay 288,37195.22307,32205.0472,86.58382593,36650.80647,98.53632656,36261.83338,97.49056569
Barangay 289,44510.85914,42823.71755,96.20959555,44510.85914,100,44332.686,99.59970861
Barangay 29,72932.47205,8214.861348,11.26365406,13183.51173,18.07632644,11815.51469,16.20062279
Barangay 290,57549.52588,57048.27878,99.12901612,57549.52588,100,57029.24682,99.09594553
Barangay 291,106409.843,97788.96341,91.89841903,106409.843,100,104341.906,98.05663002
Barangay 292,53607.7884,49954.93348,93.18596229,53607.7884,100,52463.53006,97.86549983
Barangay 293,127396.0592,112213.8532,88.08267221,127396.0592,100,123924.8285,97.2752449
Barangay 294,50693.61501,47488.12059,93.67672947,50693.61501,100,49714.45389,98.0684725
Barangay 295,25878.99445,25585.52221,98.86598285,25878.99445,100,25589.25922,98.88042316
Barangay 296,35034.77377,34941.61091,99.73408458,35034.77377,100,34958.59005,99.78254827
Barangay 297,32735.43142,31235.43142,95.41780898,32735.43142,100,31524.16917,96.29984334
Barangay 298,34516.16647,31650.45405,91.69747768,34516.16647,100,33118.77617,95.95149044
Barangay 299,32163.52095,30103.42439,93.59492836,32163.52095,100,31756.16412,98.73348183
Barangay 3,38940.56166,27962.08709,71.80709753,37710.27579,96.84060573,38350.77547,98.48541939
Barangay 30,11794.24977,1597.801564,13.54729291,1922.789679,16.30277225,1143.233833,9.693145851
Barangay 300,12909.89052,10803.36275,83.68283788,11809.89052,91.47940102,10223.37233,79.19023258
Barangay 301,17677.97362,13561.91946,76.71648209,17677.97362,100,16470.23572,93.16812026
Barangay 302,10311.1228,8820.483827,85.5433884,10311.1228,100,9818.8607,95.22591175
Barangay 303,65014.69623,48702.53534,74.9100406,65014.69623,100,62933.48616,96.79886212
Barangay 304,27933.23829,22618.28273,80.97264808,27433.23829,98.21001778,25133.23829,89.97609954
Barangay 305,37413.37609,31720.06921,84.78269681,37413.37609,100,35613.37609,95.18888647
Barangay 306,101297.5227,95801.18883,94.57406884,101238.1044,99.9413428,95461.88465,94.23911082
Barangay 307,72489.86815,63859.23438,88.09401371,72489.86815,100,70195.09265,96.83435002
Barangay 308,40037.0825,32918.22078,82.21932949,39837.0825,99.5004631,35737.0825,89.25995669
Barangay 309,60631.18147,52031.18147,85.81587924,60131.18147,99.17534182,56731.18147,93.56766617
Barangay 31,17506.60214,1613.966255,9.219186236,3377.25311,19.29131126,1818.883605,10.38970093
Barangay 310,86520.68909,37446.69554,43.28062564,85620.68909,98.95978637,67171.53957,77.63638994
Barangay 311,45778.56444,37253.61842,81.37786511,45778.56444,100,43149.0089,94.25592399
Barangay 312,36270.11597,24908.10575,68.67390713,36170.11597,99.72429093,30271.16395,83.46034509
Barangay 313,54360.43277,40918.34387,75.27229233,54260.43277,99.81604267,47560.43277,87.49090165
Barangay 314,52814.50352,45786.60964,86.69325013,50914.50352,96.40250334,49014.50352,92.80500668
Barangay 315,68072.46583,63685.24234,93.55506895,68072.46583,100,64072.46583,94.12390906
Barangay 316,19348.08582,19348.08582,100,19348.08582,100,19348.08582,100
Barangay 317,24806.02059,21866.11041,88.14840061,24806.02059,100,23706.02059,95.56559265
Barangay 318,12686.84544,11814.6317,93.12505423,12686.84544,100,12386.84544,97.63534599
Barangay 319,17054.6392,14407.59582,84.47904202,17054.6392,100,14854.80833,87.10127582
Barangay 32,16070.57023,3431.427943,21.35224758,6912.032917,43.01050192,6879.003099,42.80497207
Barangay 320,24299.36934,16358.91613,67.32238975,24299.36934,100,21699.36934,89.30013383
Barangay 321,13005.25975,12005.25975,92.31080333,13005.25975,100,13005.25975,100
Barangay 322,15196.71902,13168.93276,86.65642068,14996.71902,98.68392645,13596.71902,89.47141157
Barangay 323,23787.26035,20229.99312,85.04549418,23687.26035,99.57960691,22387.26035,94.11449667
Barangay 324,12466.90666,4979.902748,39.94497498,12066.90666,96.79150562,9166.906665,73.52992135
Barangay 325,9857.436807,3829.735484,38.85123038,9757.436807,98.9855375,8357.436807,84.78306248
Barangay 326,12262.54349,7914.309103,64.54051813,12262.54349,100,12248.33777,99.88415356
Barangay 327,30533.25575,5917.915502,19.38186858,27644.19569,90.53798884,22001.09537,72.05617227
Barangay 328,11520.11283,11169.1193,96.95321097,11520.11283,100,11520.11283,100
Barangay 329,16297.3472,15537.3,95.33637474,16297.3472,100,15897.3472,97.54561282
Barangay 33,23880.55956,1634.750298,6.84552761,5835.203981,24.43495499,7832.468893,32.79851493
Barangay 330,27297.37349,26794.86592,98.15913583,27297.37349,100,26997.37349,98.90099317
Barangay 331,138382.6492,45387.52937,32.79856949,116852.8169,84.4418123,97225.53676,70.25847337
Barangay 332,12479.56183,11162.55031,89.44665255,12479.56183,100,12479.56183,100
Barangay 333,16532.43633,12545.05993,75.88149551,16532.43633,100,16532.43633,100
Barangay 334,30364.29297,10153.68458,33.43955544,29431.9484,96.92947049,25310.65908,83.35665547
Barangay 335,28794.98046,22755.58187,79.0262105,28794.98046,100,26994.98046,93.7489105
Barangay 336,32667.3547,13107.69961,40.12476593,29932.62503,91.62855487,21687.21445,66.38803369
Barangay 337,28851.73382,11347.01737,39.32871917,27466.41378,95.19848598,20566.86804,71.28468664
Barangay 338,28662.80347,8292.297886,28.93051929,27562.80347,96.16227351,19489.01464,67.99409786
Barangay 339,27489.42635,9797.85811,35.64227928,27489.42635,100,25471.30205,92.65854344
Barangay 34,11563.64589,689.825403,5.965466336,1588.488783,13.73691998,2808.410458,24.28654841
Barangay 340,28622.20288,14496.31003,50.64708015,28522.20288,99.65062088,23716.75274,82.86138156
Barangay 341,33208.56173,11248.15504,33.87125024,32608.56173,98.19323702,24029.31441,72.3587929
Barangay 342,57158.03608,32942.86498,57.63470412,56858.03608,99.47513942,45120.28323,78.93952684
Barangay 343,41569.419,13885.67515,33.40358246,35429.59504,85.22995002,28711.75111,69.0694068
Barangay 344,34990.96168,14112.35022,40.33141572,27253.71572,77.88787278,14876.37302,42.51490187
Barangay 345,29544.06789,13741.62211,46.51228856,26733.49167,90.48683403,14435.88587,48.86221466
Barangay 346,29448.61663,18382.63626,62.42274975,26588.99324,90.28944744,17821.65402,60.51779697
Barangay 347,29638.60558,16162.63518,54.53237379,25693.47056,86.68920164,18856.99977,63.62310033
Barangay 348,22692.65324,18755.51148,82.65014795,21692.65324,95.59328744,18140.9325,79.94187504
Barangay 349,13958.05499,12848.07094,92.04771685,13221.90851,94.7260096,10770.11375,77.16056253
Barangay 35,15319.70855,1557.130231,10.16422882,2841.928288,18.55079865,4011.712165,26.18660891
Barangay 350,155563.5315,9723.61403,6.250574242,22615.22707,14.53761486,18078.16273,11.62108018
Barangay 351,50998.36915,21865.1091,42.87413394,41115.08644,80.62039457,41917.66223,82.19412292
Barangay 352,35704.21705,10920.49813,30.58601766,27727.34002,77.65844572,22753.27646,63.7271402
Barangay 353,49078.60404,27602.71331,56.24184683,44612.78221,90.90067471,43579.7808,88.79588499
Barangay 354,41631.26787,22591.03786,54.26459251,38649.51259,92.83770245,35903.26983,86.24111557
Barangay 355,45357.45011,42827.53177,94.42226507,44560.12319,98.24212578,43070.43789,94.9578025
Barangay 356,20785.55509,20652.80067,99.36131405,20785.55509,100,20585.55509,99.03779332
Barangay 357,20634.75208,15985.32132,77.4679592,20534.75208,99.51538066,18935.11627,91.76323611
Barangay 358,20239.93653,10350.629,51.13963169,17740.50574,87.65099494,16412.52019,81.0897809
Barangay 359,19217.53782,18250.29224,94.96686001,18917.53782,98.43892593,18317.53782,95.31677779
Barangay 36,11737.51404,0,0,1895.304837,16.14741273,2505.786997,21.34853247
Barangay 360,31447.59591,24803.62122,78.87286932,29747.59591,94.59418137,29147.59591,92.68624538
Barangay 361,20551.74366,15261.66065,74.25968768,20551.74366,100,20051.74366,97.5671164
Barangay 362,17222.96481,14956.1217,86.83825267,16922.96481,98.25813962,17022.96481,98.83875975
Barangay 363,23829.54321,16286.25104,68.34478908,23829.54321,100,22029.54321,92.44635122
Barangay 364,22424.10978,21713.48655,96.83098578,22324.10978,99.55405142,20724.40975,92.42021181
Barangay 365,19236.37408,11927.43123,62.00457105,18336.37408,95.3213636,15033.52392,78.15154698
Barangay 366,22403.28298,18652.73678,83.25894376,22370.32323,99.85287985,21893.3216,97.72372031
Barangay 367,31133.97112,26428.78924,84.8873057,30233.97112,97.10926693,27633.97112,88.75826027
Barangay 368,26173.27621,26173.27621,100,26173.27621,100,25627.65719,97.91535835
Barangay 369,22415.22579,22315.22579,99.55387467,22415.22579,100,21115.22579,94.20037071
Barangay 37,9995.890521,5769.272732,57.71644577,7364.786141,73.67813929,8961.136867,89.64820941
Barangay 370,20060.15635,17605.30715,87.76256199,19460.15635,97.00899639,15908.69285,79.3049295
Barangay 371,24873.72431,24873.72431,100,24873.72431,100,24573.72431,98.793908
Barangay 372,544472.9353,156036.4993,28.65826548,202443.1764,37.18149486,187475.3747,34.43245065
Barangay 373,19632.61004,1181.477296,6.017932887,3312.594213,16.8729181,2808.39896,14.30476617
Barangay 374,26577.4825,2740.098097,10.30984818,4978.569982,18.73228581,2915.211537,10.96872714
Barangay 375,17373.97873,892.3358203,5.136047617,2626.128771,15.11529865,1550.889205,8.926505722
Barangay 376,43447.21973,5024.11513,11.56372067,13727.8953,31.59671755,9272.481836,21.34194522
Barangay 377,15180.67147,11274.02132,74.26563008,13461.40626,88.67464315,11444.23881,75.38690785
Barangay 378,24617.4436,7659.837924,31.11548888,14540.84445,59.06723984,12922.14121,52.49180794
Barangay 379,9463.090644,8966.223858,94.7494238,9463.090644,100,8827.176543,93.28005908
Barangay 38,13942.73075,0,0,175.2189839,1.256704925,590.4878188,4.235094469
Barangay 380,14549.99181,13549.99181,93.12714389,14549.99181,100,13949.99181,95.87628634
Barangay 381,29787.2835,29287.2835,98.32143136,29787.2835,100,29287.2835,98.32143136
Barangay 382,33156.87931,27196.11092,82.02252892,31561.79276,95.1892742,28694.92347,86.54289568
Barangay 383,20496.60453,19087.38227,93.12460628,20496.60453,100,19384.54886,94.57443955
Barangay 384,58084.60392,50085.89841,86.22921573,53544.02221,92.18281369,50972.39488,87.75543164
Barangay 385,74356.46349,69346.17685,93.26180079,74356.46349,100,69523.45257,93.50021411
Barangay 386,73997.70975,72089.33457,97.42103481,73597.70975,99.45944273,72038.81192,97.35275884
Barangay 387,36236.45437,34604.57427,95.49657901,36136.45437,99.72403481,34210.46555,94.40897613
Barangay 388,25231.09288,23408.66575,92.7770583,25208.95712,99.91226793,23570.68579,93.41920268
Barangay 389,41049.43788,40370.96697,98.34718585,41049.43788,100,39520.71892,96.27590769
Barangay 39,103810.6,6866.508867,6.614458319,8721.404516,8.401265879,11109.88209,10.70206905
Barangay 390,65533.27639,54684.3586,83.44517719,63733.27639,97.25330382,55833.11265,85.19810962
Barangay 391,63790.45895,62567.2335,98.08243196,63790.45895,100,60177.64478,94.3364349
Barangay 392,29635.14528,26535.14528,89.53944727,29635.14528,100,28783.08099,97.12481824
Barangay 393,93251.12478,80227.44278,86.03375344,91473.26054,98.09346617,79351.20556,85.0941002
Barangay 394,26636.71431,26124.28072,98.07621323,26636.71431,100,26186.82005,98.31099942
Barangay 395,97270.1204,87799.0118,90.26308535,97068.73599,99.79296375,89261.59238,91.76671316
Barangay 396,45091.8023,40591.8023,90.02035898,45091.8023,100,41791.8023,92.68159658
Barangay 397,41208.70736,36708.70736,89.07997778,41108.70736,99.75733284,37408.70736,90.7786479
Barangay 398,20182.78924,18178.85416,90.07106968,20182.78924,100,18292.22575,90.63279379
Barangay 399,15692.06597,13203.65272,84.14222029,15692.06597,100,12543.41894,79.93478336
Barangay 4,40193.68735,9028.71213,22.4630103,26647.36186,66.29738055,37927.32291,94.36139206
Barangay 400,21405.47947,18593.89273,86.86510737,21405.47947,100,19254.12651,89.94952217
Barangay 401,36900.36246,26911.95454,72.93140973,36700.36246,99.4579999,33100.36246,89.70199817
Barangay 402,29522.00866,25360.03809,85.90214299,29522.00866,100,27954.72566,94.69113698
Barangay 403,22846.54765,21108.51822,92.3925949,22846.54765,100,22304.81018,97.62879943
Barangay 404,70634.45903,56134.45903,79.47177596,69134.45903,97.87639062,62643.4795,88.68685392
Barangay 405,16247.94153,13232.06601,81.43841471,16247.94153,100,16047.94153,98.76907484
Barangay 406,9585.225895,9091.335934,94.84738319,9585.225895,100,9485.225895,98.95672777
Barangay 407,28986.23426,21298.83931,73.47915263,28986.23426,100,27179.63616,93.76739289
Barangay 408,24622.60452,18509.48774,75.17274513,24622.60452,100,21422.60452,87.00381189
Barangay 409,29415.9058,29412.5966,99.98875028,29415.9058,100,28884.01866,98.19183829
Barangay 41,21122.1776,15231.96955,72.11363258,17211.61933,81.48600801,16507.35512,78.15176746
Barangay 410,43844.58268,38861.94416,88.63568035,43844.58268,100,42233.45811,96.3253737
Barangay 411,31538.38349,28438.38349,90.17070738,31538.38349,100,29579.70974,93.78955565
Barangay 412,34625.38858,34504.24471,99.65012993,34625.38858,100,34007.64138,98.21591258
Barangay 413,17206.28632,16567.80013,96.28922721,17206.28632,100,16802.25276,97.65182591
Barangay 414,16300.60464,15256.38384,93.59397504,16300.60464,100,15026.60661,92.18435108
Barangay 415,23617.93741,12015.61473,50.87495373,19717.93741,83.48712704,14824.5355,62.76812089
Barangay 416,28514.61056,22938.92356,80.44621021,28514.61056,100,23087.86522,80.96854478
Barangay 417,23981.49169,21856.08802,91.13731665,23981.49169,100,23481.49169,97.9150588
Barangay 418,37173.84196,35497.43734,95.4903649,37173.84196,100,36216.41663,97.42446493
Barangay 419,21947.90958,21564.75174,98.25423995,21947.90958,100,21716.91957,98.94755348
Barangay 42,17600.87702,9309.142943,52.89022206,12946.52742,73.55614949,12107.45775,68.78894577
Barangay 420,38180.85771,36828.84521,96.4589258,37880.85771,99.21426595,35802.38103,93.77049962
Barangay 421,29674.66453,27680.58699,93.2802019,29674.66453,100,27378.1586,92.26105512
Barangay 422,28016.21861,23585.89821,84.18658682,28016.21861,100,27363.89313,97.67161481
Barangay 423,28622.03525,28012.84498,97.87160395,28622.03525,100,27905.35937,97.49606947
Barangay 424,33156.13642,27109.30611,81.76256053,30967.51322,93.39904032,27391.11831,82.61251542
Barangay 425,48720.81468,32589.54168,66.89038739,43152.18414,88.57032549,33315.9525,68.38135348
Barangay 426,31297.3359,7699.086484,24.59981421,25328.8596,80.92976247,13429.67745,42.90997003
Barangay 427,19222.95623,11156.09173,58.03525535,19222.95623,100,13565.73675,70.57050223
Barangay 428,28552.15059,9059.817858,31.73077219,17339.96842,60.73086639,10884.99365,38.12320061
Barangay 429,22949.37287,22784.13419,99.27998606,22949.37287,100,22752.10558,99.14042402
Barangay 43,12922.98768,5105.14422,39.50436499,6995.192581,54.12984021,8312.541415,64.32368134
Barangay 430,12513.3704,11613.3704,92.80769312,12513.3704,100,12113.3704,96.80341917
Barangay 431,14301.73978,13301.73978,93.00784369,14301.73978,100,13101.73978,91.60941243
Barangay 432,56157.08096,52002.75025,92.60230297,56157.08096,100,54527.48617,97.09814905
Barangay 433,12352.14487,11939.23248,96.6571604,12352.14487,100,12152.14487,98.38084801
Barangay 434,20242.567,16207.80568,80.06793646,20242.567,100,20239.83429,99.98650021
Barangay 435,25651.13457,25459.35385,99.25234994,25651.13457,100,25551.13457,99.6101537
Barangay 436,20853.18766,20665.05838,99.0978392,20853.18766,100,20853.18766,100
Barangay 437,17798.35924,16598.35924,93.25780548,17798.35924,100,16698.35924,93.81965503
Barangay 438,12682.02295,12382.02295,97.6344468,12682.02295,100,12482.02295,98.42296453
Barangay 439,17907.45814,15201.97797,84.89188056,17907.45814,100,17433.51856,97.35339559
Barangay 44,52155.50911,6896.395689,13.22275596,8515.158885,16.32648023,8147.792522,15.62211291
Barangay 440,12476.32057,11076.32057,88.77874297,12476.32057,100,11276.32057,90.38177968
Barangay 441,12779.05924,12079.05924,94.52228848,12779.05924,100,12679.05924,99.21746978
Barangay 442,16263.94898,14030.21154,86.26571298,16263.94898,100,15374.39206,94.53049863
Barangay 443,16085.79392,14131.6902,87.85199083,16085.79392,100,14348.96797,89.20273405
Barangay 444,16174.83518,13295.41387,82.19814126,16166.55656,99.94881794,14764.15117,91.27852625
Barangay 445,12782.79188,12782.79188,100,12782.79188,100,12682.79188,99.21769829
Barangay 446,14107.57091,12592.0528,89.25741277,14107.33054,99.99829617,12858.4026,91.1454047
Barangay 447,13032.74068,12675.80046,97.26120368,13032.74068,100,12832.74068,98.46540336
Barangay 448,18348.68498,15907.81817,86.6973202,18348.68498,100,17352.21934,94.56928037
Barangay 449,16571.54894,16056.524,96.89211343,16571.54894,100,16271.54894,98.18966832
Barangay 45,17654.37944,825.2576634,4.674520937,4450.354232,25.20821673,7461.385508,42.2636521
Barangay 450,33803.94996,30636.17162,90.62896986,33803.94996,100,33803.94996,100
Barangay 451,19550.15945,19550.15945,100,19550.15945,100,19550.15945,100
Barangay 452,21503.95022,21403.95022,99.53496916,21503.95022,100,21503.95022,100
Barangay 453,20013.23686,18473.95394,92.30867584,20013.23686,100,20013.23686,100
Barangay 454,19797.09609,19306.35019,97.5211218,19797.09609,100,19207.9966,97.02431362
Barangay 455,18707.50605,18619.43183,99.52920381,18707.50605,100,18607.50605,99.4654552
Barangay 456,24638.84044,23054.16564,93.56838726,24638.84044,100,24227.93993,98.33230582
Barangay 457,24566.97747,22630.15237,92.11614412,24566.97747,100,23025.12362,93.72387649
Barangay 458,34093.54154,27113.59947,79.52708416,34093.54154,100,31203.12735,91.52210635
Barangay 459,20512.08355,19765.74454,96.3614666,20512.08355,100,19561.08157,95.36369879
Barangay 46,16348.34419,4532.261317,27.72306029,8426.354872,51.54255851,8252.035847,50.47627912
Barangay 460,34069.16446,29751.26446,87.32607602,34069.16446,100,31518.66556,92.51376153
Barangay 461,22146.78141,20595.55129,92.99568596,22146.78141,100,21371.11381,96.49760576
Barangay 462,24547.50782,21852.04286,89.01939467,24547.50782,100,23144.65359,94.28514603
Barangay 463,13295.55097,13295.55097,100,13295.55097,100,13295.55097,100
Barangay 464,24099.38364,12086.36435,50.15217205,23100.76805,95.85626085,12288.42297,50.99061102
Barangay 465,12963.10131,12963.10131,100,12963.10131,100,12963.10131,100
Barangay 466,18753.67092,16397.90364,87.43836719,18453.67092,98.40031319,16465.18867,87.79715046
Barangay 467,12414.96941,12159.15788,97.93949128,12414.96941,100,12404.14617,99.91282107
Barangay 468,13387.1287,12887.1287,96.26506915,13387.1287,100,12887.1287,96.26506915
Barangay 469,14146.71147,14146.71147,100,14146.71147,100,14146.71147,100
Barangay 47,33261.7156,5210.933582,15.66646064,16238.17536,48.81941615,22022.39194,66.20942891
Barangay 470,273485.5561,250498.2431,91.59468848,271985.5561,99.45152496,258329.3251,94.4581238
Barangay 471,35941.28977,33361.52894,92.82229202,35841.28977,99.72176847,31997.94604,89.02837446
Barangay 472,16417.36057,14416.54282,87.81279281,16417.36057,100,14517.36057,88.42688511
Barangay 473,17460.5277,17460.5277,100,17460.5277,100,17460.5277,100
Barangay 474,25274.62248,24779.27624,98.04014387,25274.62248,100,25186.60456,99.65175379
Barangay 475,25935.62375,24635.62375,94.98758922,25935.62375,100,24835.62375,95.75872934
Barangay 476,33359.81365,31496.27042,94.41380806,33359.81365,100,32871.3546,98.53578604
Barangay 477,22820.34339,16009.13389,70.1529053,22820.34339,100,21304.70029,93.35836857
Barangay 478,25786.30524,23015.21092,89.25362011,25586.30524,99.22439451,23757.41334,92.1319015
Barangay 479,50318.75549,34981.76479,69.52032984,49518.75549,98.41013556,42535.29053,84.5316823
Barangay 48,16896.73078,12886.11533,76.26395599,16894.6363,99.98760419,16494.08669,97.6170296
Barangay 480,15720.28907,12133.95256,77.18657399,15720.28907,100,14013.37339,89.14195741
Barangay 481,18759.2898,13223.8103,70.49206254,18059.2898,96.26851545,15870.6824,84.60172304
Barangay 482,16362.65471,15134.28031,92.49281719,16362.65471,100,16119.7572,98.51553731
Barangay 483,23013.48954,14955.43744,64.98552693,23013.48954,100,22413.48954,97.39283346
Barangay 484,17182.93008,9162.327079,53.32226248,16856.95775,98.10292929,16919.60136,98.46749816
Barangay 485,22512.5362,16546.84277,73.50057155,22512.5362,100,22412.5362,99.55580305
Barangay 486,19264.47324,17564.47324,91.17546595,19264.47324,100,19164.47324,99.48090976
Barangay 487,22735.51568,22275.11656,97.97497832,22735.51568,100,22635.51568,99.56015953
Barangay 488,22234.90514,18905.43954,85.02595095,22234.90514,100,21679.5385,97.50227565
Barangay 489,22616.19196,16207.94238,71.66521409,22616.19196,100,21571.5586,95.38103779
Barangay 49,19847.55691,14467.92807,72.8952593,19847.09935,99.99769464,19191.82178,96.69614184
Barangay 490,21847.27156,16208.25277,74.1889106,21547.27156,98.62683082,19047.27156,87.18375431
Barangay 491,21939.90997,20900.53647,95.26263553,21939.90997,100,21839.90997,99.54420962
Barangay 492,30190.60779,18819.34314,62.335092,25614.62611,84.84302896,20886.72368,69.18285258
Barangay 493,19730.92172,16667.69076,84.47497285,18130.17304,91.88710643,17865.235,90.54435095
Barangay 494,43790.25459,34316.55681,78.36573944,37049.10821,84.60582966,33035.7178,75.44079866
Barangay 495,37514.81636,30838.65256,82.20392782,36707.22072,97.84726218,28407.53784,75.72351565
Barangay 496,25399.61491,5915.3834,23.28926412,7341.800099,28.90516304,16139.45226,63.54211403
Barangay 497,37822.61871,37222.61871,98.41364765,37722.61871,99.73560794,33382.74493,88.26132632
Barangay 498,21805.96238,7677.071052,35.2062932,14238.94726,65.29841247,17571.91101,80.58305659
Barangay 499,21424.41967,4810.767385,22.45459835,20924.41967,97.6662145,19830.86878,92.56198812
Barangay 5,24741.84779,6958.362458,28.12385929,17729.88074,71.65948515,23759.84483,96.03100396
Barangay 50,35383.03542,30237.40891,85.45736269,35383.03542,100,35383.03542,100
Barangay 500,40075.70417,37097.4182,92.56835026,39954.70347,99.69806968,35978.0375,89.77518487
Barangay 501,18864.14686,5879.810703,31.16923732,16430.32082,87.09813884,16757.97345,88.83504551
Barangay 502,17473.44829,16914.77174,96.80271152,17473.44829,100,17473.44829,100
Barangay 503,26217.0815,25375.75805,96.79093399,26217.0815,100,26217.0815,100
Barangay 504,21976.13294,21576.13294,98.17984355,21976.13294,100,21976.13294,100
Barangay 505,18456.93339,16591.69187,89.89408759,18356.93339,99.45819819,17156.93339,92.95657641
Barangay 506,16170.59285,14371.67261,88.87536003,16170.59285,100,15793.08958,97.66549518
Barangay 507,24606.58026,24071.55977,97.82570155,24606.58026,100,24184.08353,98.2829929
Barangay 508,18858.80539,17267.66033,91.56285337,18758.80539,99.46974372,18658.80539,98.93948744
Barangay 509,21931.01106,18730.35834,85.40581323,21931.01106,100,21231.01106,96.80817269
Barangay 51,40236.77494,33666.22176,83.67027878,40036.77494,99.50294227,39494.69658,98.15572108
Barangay 510,18613.82731,8675.153925,46.60596544,17966.65165,96.52314566,17413.55161,93.55169849
Barangay 511,21674.52729,10561.43799,48.7274202,21074.52729,97.23177354,20274.52729,93.54080492
Barangay 512,55266.74798,12918.42346,23.37467634,15284.47695,27.65582835,13456.50302,24.34828087
Barangay 513,34684.35821,28109.59683,81.04401605,32990.736,95.11704327,29884.69286,86.16187355
Barangay 514,34098.56304,11773.96909,34.52922364,26591.82518,77.98517827,29296.0732,85.91585859
Barangay 515,42925.08877,11351.48919,26.44488228,15413.11813,35.90701515,14272.767,33.25040765
Barangay 516,17129.47898,5806.865521,33.8998374,6206.865521,36.23499307,7357.490203,42.95221246
Barangay 517,24024.8717,23814.08671,99.12263842,24018.49391,99.97345336,23871.8374,99.36301718
Barangay 518,34653.46726,8018.594958,23.13937274,19551.98738,56.42144618,25914.37658,74.78148257
Barangay 519,21837.43586,20212.66647,92.55970621,21762.54186,99.65703851,21126.22057,96.74313737
Barangay 52,26390.23492,23949.42909,90.75110231,26390.23492,100,26290.23492,99.62107196
Barangay 520,37371.59667,20423.30126,54.6492606,29646.49067,79.32893777,26433.27843,70.73093145
Barangay 521,44361.86637,31858.51523,71.81509219,44361.86637,100,43761.86637,98.64748702
Barangay 522,19987.3352,12306.265,61.57031381,19277.38126,96.44798103,17819.1073,89.15199113
Barangay 523,24929.34569,4222.738746,16.93882703,6832.90336,27.40907622,5544.251123,22.23985817
Barangay 524,24928.9442,5954.784393,23.88703005,7371.779742,29.57116708,6833.807635,27.41314505
Barangay 525,26415.44548,2922.625542,11.06407819,3208.044566,12.1445787,2830.16389,10.71404945
Barangay 526,12719.04293,10362.27358,81.47054484,10953.15981,86.11622644,10456.80232,82.21375128
Barangay 527,20573.93682,5253.92219,25.53678586,6028.300267,29.30066481,5690.092368,27.65679907
Barangay 528,22671.59608,19846.32773,87.53829091,21770.10896,96.02371567,21156.84822,93.31874183
Barangay 529,15238.52352,6417.289923,42.1122815,8085.594259,53.06022101,7422.610355,48.70951142
Barangay 53,24537.8181,22037.60029,89.8107574,24537.8181,100,24537.8181,100
Barangay 530,25149.09275,9243.461946,36.75465368,11172.35591,44.42448886,11809.3961,46.95754324
Barangay 531,24904.56306,22850.02355,91.75034909,23325.61274,93.65999591,23355.59093,93.78036818
Barangay 532,13746.75436,698.2465179,5.079355459,897.4459632,6.528420745,899.5771893,6.543924231
Barangay 533,12618.75808,1326.769117,10.51426067,2050.030176,16.24589491,1177.375586,9.330360237
Barangay 534,17471.20016,1716.55665,9.825064303,2164.81754,12.39077751,1621.637202,9.281773359
Barangay 535,13124.14777,101.753482,0.775314968,302.5540369,2.305323304,100.4228106,0.76517586
Barangay 536,15640.8932,7349.05827,46.98618025,9146.64264,58.47903009,7463.232499,47.71615281
Barangay 537,16732.43143,10369.1589,61.97042515,13421.25809,80.21104492,13129.42862,78.46695008
Barangay 538,12251.83435,7137.200325,58.25413663,10472.49794,85.4769795,9775.288097,79.78632272
Barangay 539,54196.72717,400,0.738051947,700,1.291590907,2100,3.874772721
Barangay 54,27060.48148,25960.48148,95.93503168,27060.48148,100,27060.48148,100
Barangay 540,22185.34622,3047.266473,13.73549208,4970.335597,22.40368731,5039.764858,22.7166383
Barangay 541,13771.44029,166.9550687,1.212328305,670.6749963,4.87004251,637.816654,4.631444791
Barangay 542,12160.80345,3167.227212,26.04455557,9834.525912,80.87069208,6024.090833,49.5369476
Barangay 543,12149.14272,5518.873027,45.42602843,12149.14272,100,10314.29859,84.89733656
Barangay 544,13552.77259,2697.958707,19.907061,13061.29157,96.37357586,7089.633756,52.31131644
Barangay 545,10823.05746,1821.574983,16.83050274,3272.655347,30.23780811,2055.273443,18.98976745
Barangay 546,15943.44064,0,0,0,0,0,0
Barangay 547,27923.84161,0,0,0,0,0,0
Barangay 548,14527.43789,847.3310977,5.832625849,7256.862348,49.95280243,4919.563373,33.86394359
Barangay 549,13935.58632,0,0,0,0,0,0
Barangay 55,36490.61297,29638.04168,81.22100252,34029.00608,93.25413664,35292.97949,96.71796833
Barangay 550,12127.90051,1012.031916,8.344658788,4795.700324,39.54270832,3253.615596,26.82752545
Barangay 551,12296.18135,377.0237233,3.066185447,2253.819655,18.32942757,1178.618469,9.5852398
Barangay 552,16887.91332,0,0,143.2428789,0.84819762,70.79907715,0.419229278
Barangay 553,10528.25842,206.4953574,1.96134393,516.721885,4.907952147,588.5714044,5.590396636
Barangay 554,27784.04662,0,0,929.2132945,3.344413099,686.2401171,2.469907017
Barangay 555,17328.79618,3468.487358,20.01574329,4706.378582,27.15929332,3154.677233,18.20482624
Barangay 556,13693.73626,2007.852626,14.66256241,2593.609273,18.9401141,2939.073672,21.46290549
Barangay 557,12254.46279,2257.012885,18.41788517,3075.847553,25.09981551,2731.603186,22.29068081
Barangay 558,14136.54224,4225.43133,29.89013337,6444.506353,45.58757185,6108.964809,43.21399607
Barangay 559,14136.47449,8600.201685,60.83696253,10253.32002,72.53095552,8507.242562,60.17937903
Barangay 56,53006.19943,45993.29075,86.76964438,52938.63619,99.8725371,52570.92628,99.17882596
Barangay 560,15181.09205,2003.693746,13.19861404,2990.537456,19.69909309,2366.812589,15.5905292
Barangay 561,21582.32987,9605.347344,44.505609,11340.58578,52.54569758,9538.153025,44.1942695
Barangay 562,21662.25646,7826.647293,36.13034176,9413.739258,43.45687289,8685.065296,40.09307761
Barangay 563,13482.13734,4075.009432,30.22524789,5475.404629,40.61228936,4968.084107,36.84938064
Barangay 564,16101.642,4458.366346,27.68889251,5738.806006,35.64112285,6128.602632,38.06197301
Barangay 565,32309.28269,19965.41408,61.79466834,24311.47025,75.2460848,22908.7599,70.90457599
Barangay 566,28451.26671,25547.71258,89.79464024,27648.80767,97.17953144,25266.61658,88.80664908
Barangay 567,35239.7488,23243.49463,65.95817342,26035.978,73.88241654,24491.17398,69.49871896
Barangay 568,20966.65744,13420.51794,64.00885776,15663.25849,74.70555825,15874.82345,75.71461259
Barangay 569,20682.72119,5161.37623,24.95501526,7716.739335,37.31007765,6434.151966,31.10882706
Barangay 57,27530.99818,14955.1097,54.32098612,22930.99818,83.29156113,27195.24991,98.78047187
Barangay 570,38664.2694,2112.286963,5.463149816,3144.876528,8.133805648,3131.565128,8.099377478
Barangay 571,22037.51723,8336.50917,37.82871311,8936.50917,40.55134286,7972.467972,36.17679745
Barangay 572,15356.09668,14242.58376,92.74872426,14950.55941,97.3591123,14400.51548,93.77718687
Barangay 573,15713.88946,0,0,0,0,2.345495189,0.014926255
Barangay 574,17404.66089,13518.9356,77.67422582,14018.9263,80.54696608,14621.67274,84.0100984
Barangay 575,14891.69782,13719.00619,92.12519858,14255.83099,95.73005814,14649.31194,98.37234219
Barangay 576,36723.5881,17012.18158,46.32494387,20561.19088,55.98905756,19827.03814,53.98992626
Barangay 577,11961.26635,638.4917199,5.337994333,901.6762258,7.538300707,1837.38697,15.36114084
Barangay 578,25298.36525,563.8517582,2.22880709,1186.380473,4.689553895,1478.4717,5.844139276
Barangay 579,30014.83162,6271.433386,20.894448,9921.480067,33.05525813,8563.436288,28.53068242
Barangay 58,29865.97526,26780.68504,89.66954804,29865.97526,100,29865.97526,100
Barangay 580,22721.37886,1400,6.161597889,1604.577059,7.061970445,2001.695292,8.809743919
Barangay 581,180631.2619,10942.17969,6.057744144,16097.906,8.912026536,13218.13696,7.317746007
Barangay 582,13370.23648,2214.979716,16.56649618,5678.352167,42.47009525,5507.141591,41.18956011
Barangay 583,10916.89801,8776.560059,80.39426628,10061.34405,92.16303057,9313.419408,85.31195763
Barangay 584,100337.2939,37890.00682,37.76263574,48393.19824,48.23051962,46954.94437,46.79710059
Barangay 585,68188.50887,11546.02644,16.93251053,15180.12567,22.26199975,12249.63796,17.96437282
Barangay 586,110249.5389,8200.830145,7.438425802,15545.40217,14.100197,10450.48297,9.478935762
Barangay 587,73356.3396,1768.548501,2.410900694,3153.691197,4.299139262,1453.582865,1.981536802
Barangay 587-A,21945.73024,863.4007017,3.93425369,6533.24389,29.76999999,1359.494986,6.194804053
Barangay 588,19477.09508,9887.955254,50.76709444,18325.64515,94.08818448,6236.593082,32.02013984
Barangay 589,32840.44144,800.0683011,2.436228826,3348.359156,10.19584089,1076.39922,3.277663675
Barangay 59,22568.24114,15217.74749,67.42992242,22368.24114,99.11379891,22568.24114,100
Barangay 590,36206.98912,4217.375883,11.64796075,6207.502,17.1444855,6936.794116,19.15871572
Barangay 591,66693.28662,2366.972167,3.549041121,2812.257282,4.216702197,4148.050533,6.21959232
Barangay 592,32291.55211,8844.845961,27.39058788,13267.02618,41.08513005,11903.24853,36.86180362
Barangay 593,43847.89525,6270.468119,14.30049968,9165.684121,20.90336165,9048.020893,20.63501758
Barangay 594,30363.38456,20452.03303,67.35755363,28663.38456,94.40115117,12634.17323,41.60989764
Barangay 595,48687.07614,27227.68781,55.92385077,46285.94199,95.06823094,18807.14227,38.62861309
Barangay 596,22264.08698,18991.19819,85.29969455,21354.67711,95.91535073,14548.22125,65.34389334
Barangay 597,30435.10301,29953.29442,98.41693128,30435.10301,100,26385.81767,86.69534536
Barangay 598,76818.90701,76811.4365,99.99027517,76818.90701,100,70135.90211,91.30031244
Barangay 599,35968.97761,20336.63454,56.53937336,24795.32565,68.93530843,12221.58068,33.97811528
Barangay 6,41515.26892,32870.69383,79.17735975,39915.26892,96.1459963,41041.74202,98.85939098
Barangay 60,13617.31115,13117.31115,96.32820316,13617.31115,100,13617.31115,100
Barangay 600,63689.86887,14345.72216,22.5243393,20257.77538,31.80690389,7028.412685,11.03537
Barangay 601,116321.0327,66110.69306,56.83468545,75679.29363,65.06071332,64208.59921,55.19947486
Barangay 602,135307.3633,82957.0643,61.31008859,113953.6603,84.2183733,111533.2766,82.42956913
Barangay 603,47605.14063,1700,3.571042912,2303.635291,4.83904734,3599.458074,7.561070141
Barangay 604,20002.27583,15348.65341,76.73453532,18432.52923,92.15215999,13499.10919,67.48786638
Barangay 605,38460.9661,1548.995817,4.027449059,5342.828568,13.891561,2969.274638,7.720228947
Barangay 606,30727.97695,15568.31526,50.66495359,22681.61679,73.81422092,19687.04589,64.06879933
Barangay 607,47003.53498,13322.83574,28.34432718,35519.98273,75.56874764,41961.71149,89.27352276
Barangay 608,25801.78387,25641.69748,99.37955303,25801.78387,100,23151.38324,89.72783959
Barangay 609,28675.87853,26818.87605,93.52416534,28675.87853,100,18147.41015,63.284583
Barangay 61,43634.66342,39098.79781,89.60490294,42961.39934,98.45704304,43399.0629,99.4600611
Barangay 610,29232.07285,24728.2299,84.59280335,29232.07285,100,19780.15389,67.66592979
Barangay 611,31773.45798,19612.05928,61.72466116,30852.77044,97.10233759,15857.56986,49.90822801
Barangay 612,21915.3621,18673.45844,85.20716359,21805.62079,99.49924938,14693.50745,67.04661043
Barangay 613,26124.98065,23356.78436,89.40402548,26124.98065,100,18063.49762,69.14262583
Barangay 614,16544.32298,16261.62923,98.29129454,16544.32298,100,11987.83341,72.45889375
Barangay 615,20347.29661,1926.713258,9.469136343,11183.73891,54.96424969,1582.792018,7.778881139
Barangay 616,31402.00377,27896.80423,88.83765645,31402.00377,100,20519.78766,65.34547227
Barangay 617,31265.04754,28043.9575,89.69747276,31265.04754,100,20733.55315,66.31543778
Barangay 618,40174.9673,39694.59505,98.80429958,39786.48973,99.03303576,39398.94922,98.06840394
Barangay 619,201031.6616,158256.6044,78.72222866,200962.7647,99.96572832,133922.8276,66.61777879
Barangay 62,20672.29919,14677.31553,70.99991826,20472.29919,99.03252174,20572.29919,99.51626087
Barangay 620,22443.22229,21643.22229,96.43544946,22443.22229,100,16859.17508,75.11922692
Barangay 621,79332.803,24195.22831,30.49839083,48995.10433,61.75894772,28049.3417,35.35654942
Barangay 622,24813.58366,24015.74896,96.78468573,24813.58366,100,18317.80932,73.82170015
Barangay 623,25296.11803,25296.11803,100,25296.11803,100,23696.11803,93.67491882
Barangay 624,24221.69901,24121.69901,99.58714705,24221.69901,100,22490.24504,92.85164111
Barangay 625,32069.64773,31902.28908,99.47814003,32069.64773,100,31653.28052,98.70167825
Barangay 626,32832.06651,27591.00879,84.03677174,32832.06651,100,29063.50481,88.52170421
Barangay 627,40282.96966,26014.65109,64.5797748,38911.38701,96.59513024,28189.6214,69.97900511
Barangay 628,183964.3846,90814.1768,49.36508607,157565.3973,85.64994666,94020.1494,51.1077998
Barangay 629,39382.95783,20586.30285,52.27210953,31787.53065,80.713924,22059.83674,56.01366164
Barangay 63,18663.56848,16963.48233,90.89088372,18563.56848,99.46419678,18663.56848,100
Barangay 630,255175.1827,139558.1204,54.69110236,195375.1591,76.5651099,142419.3594,55.81238655
Barangay 631,48916.43657,31756.05238,64.91898145,46472.86954,95.00460949,36898.45234,75.43160321
Barangay 632,14673.72907,9501.741734,64.75342218,13056.29263,88.97733196,9464.410863,64.49901602
Barangay 633,15540.67297,13667.88315,87.94910732,14609.73577,94.00967259,13099.22867,84.28997055
Barangay 634,59264.14316,53013.69285,89.45323431,58030.99138,97.91922785,55648.65795,93.89937149
Barangay 635,53185.58359,50757.21558,95.4341612,53014.7926,99.67887728,51020.86247,95.92987239
Barangay 636,85151.67929,72480.0473,85.11875268,82822.47028,97.26463526,72330.26522,84.94285236
Barangay 637,31249.0223,29443.30027,94.22150871,31161.19865,99.71895552,30381.69779,97.22447471
Barangay 638,125406.4078,123589.4379,98.55113473,125094.2314,99.75106826,122743.2057,97.87634289
Barangay 639,30284.17125,29674.58565,97.98711481,30284.17125,100,29761.25921,98.27331566
Barangay 64,15426.74652,10899.83352,70.6554263,15426.74652,100,15426.74652,100
Barangay 640,105555.459,104687.678,99.17789092,105555.459,100,103857.4015,98.39131249
Barangay 641,88016.67049,82192.02724,93.38234085,87816.67049,99.77277032,81608.66478,92.71955452
Barangay 642,56035.09502,55591.75742,99.20882153,55935.09502,99.82154041,55670.25833,99.34891393
Barangay 643,131924.9716,127569.7329,96.69870028,131524.9716,99.69679736,128490.8293,97.39689743
Barangay 644,25008.32059,22673.1449,90.66240503,25008.32059,100,22765.37496,91.03120251
Barangay 645,84163.10633,82794.84765,98.37427736,84163.10633,100,81197.01743,96.4757849
Barangay 646,69558.88211,64282.73997,92.41485489,69358.88211,99.71247382,65176.19653,93.69931567
Barangay 647,115754.1224,112550.9795,97.23280448,115754.1224,100,111017.5209,95.90804938
Barangay 648,42272.41746,26452.47852,62.57621426,41172.41746,97.39783039,26357.79348,62.35222649
Barangay 649,1102552.689,119427.3126,10.83189164,192386.0768,17.44915038,225264.5184,20.43117945
Barangay 65,19391.49647,14877.79053,76.72327173,19391.49647,100,19391.49647,100
Barangay 650,105888.4336,31884.99823,30.11188018,49198.31815,46.46241001,43960.15712,41.51554201
Barangay 651,173902.3135,57519.69302,33.07586417,80417.7428,46.24305518,72238.24771,41.53955531
Barangay 652,95163.70266,28793.50259,30.25681198,44902.84709,47.18484657,44125.50584,46.3680002
Barangay 653,295900.9333,46910.6702,15.85350532,77429.60605,26.16740852,71517.28208,24.16933305
Barangay 654,86809.64347,27868.22802,32.10268688,51966.26387,59.86231689,37693.15805,43.42047329
Barangay 655,200210.2062,30194.97616,15.08163681,48842.52983,24.39562436,46422.99432,23.18712677
Barangay 656,321117.8631,123203.6169,38.36710162,162805.0025,50.69945375,143468.8222,44.67793252
Barangay 657,326559.3518,130400.7999,39.93173039,207056.1538,63.40536647,165039.8384,50.53900231
Barangay 658,248302.2291,77310.48979,31.13564066,111690.4494,44.98165393,95686.2734,38.536212
Barangay 659,140367.79,125167.79,89.1713049,139367.79,99.28758585,132192.1583,94.17556422
Barangay 659-A,355383.8398,286789.6664,80.69856708,334956.5928,94.2520608,294831.608,82.96145604
Barangay 66,26446.8789,5168.03128,19.54117648,12505.10535,47.2838606,18089.8836,68.40082591
Barangay 660,56305.22504,52501.17217,93.24387236,56305.22504,100,55690.12043,98.90755323
Barangay 660-A,115960.3868,68595.17321,59.15397068,99685.40864,85.96505357,85353.19033,73.60547225
Barangay 661,122258.59,110610.3591,90.47246427,121863.399,99.67675813,112193.6687,91.76751399
Barangay 662,132465.3843,118140.105,89.18564324,132465.3843,100,124066.0863,93.65925065
Barangay 663,51748.44961,48489.95381,93.7032011,51748.44961,100,50862.70043,98.2883561
Barangay 663-A,75280.62534,74280.62534,98.67163696,74980.62534,99.60149109,73680.62534,97.87461914
Barangay 664,142936.1242,103646.803,72.51267204,136219.265,95.30079661,118940.9646,83.21266952
Barangay 664-A,158518.595,156318.595,98.6121502,158518.595,100,157118.595,99.11682286
Barangay 666,691250.8976,292827.7947,42.36201293,433711.0584,62.74292879,383306.6714,55.45116436
Barangay 667,199162.766,47013.07351,23.60535277,93878.78397,47.13671428,73831.04415,37.07070635
Barangay 668,155964.0768,38114.33043,24.43789057,64537.33767,41.37961701,86586.72005,55.51709202
Barangay 669,245563.9119,70160.97201,28.57136925,139068.5559,56.63232634,119387.6986,48.61777027
Barangay 67,20074.61303,4694.139278,23.38346085,14188.01446,70.67640326,19587.56136,97.57379302
Barangay 670,141953.1436,52449.05261,36.9481445,118181.5896,83.25394325,100894.7649,71.07610462
Barangay 671,33986.28832,31986.28832,94.11527384,33886.28832,99.70576369,32244.26321,94.87432961
Barangay 672,91373.80657,87042.94994,95.26028652,91273.80657,99.89055945,89873.80657,98.35839169
Barangay 673,84920.75106,61699.56724,72.6554658,83416.58565,98.22874222,76470.58507,90.04935086
Barangay 674,176842.2609,92397.35868,52.24846041,155129.2892,87.7218423,120717.5431,68.2628363
Barangay 675,85987.57643,26410.9389,30.71483114,85187.57643,99.06963304,73738.45494,85.7547776
Barangay 676,147587.9368,48609.38379,32.93587867,123787.9368,83.87402079,95851.64318,64.94544558
Barangay 677,64847.53587,62934.2717,97.04959619,64747.53587,99.84579214,62841.29707,96.906222
Barangay 678,61187.9482,58987.9482,96.40452072,61187.9482,100,60387.9482,98.69255299
Barangay 679,45076.18967,31547.75177,69.98761874,43544.00412,96.60089825,40184.6406,89.14826407
Barangay 68,7307.935482,1084.685284,14.84256787,3473.687904,47.53309485,5701.892742,78.02330434
Barangay 680,38134.34703,37934.34703,99.47553842,38134.34703,100,38134.34703,100
Barangay 681,35046.44964,34946.44964,99.71466439,35046.44964,100,35046.44964,100
Barangay 682,67953.34183,52436.98583,77.16616198,60753.34183,89.40449461,54283.87722,79.8840436
Barangay 683,19491.39344,18294.34857,93.85859781,18979.25721,97.37250071,18390.35853,94.35117395
Barangay 684,29850.09495,28368.56509,95.03676665,29270.89408,98.05963474,28573.83469,95.72443483
Barangay 685,45482.93278,36932.1682,81.20005889,42436.35305,93.30170782,37681.56445,82.84770165
Barangay 686,43161.83053,22645.79097,52.46716994,40844.84057,94.63185429,33874.35101,78.48219271
Barangay 687,34396.63127,15696.92585,45.63506738,29869.4735,86.83836876,23740.10397,69.01868902
Barangay 688,46912.85537,12878.7423,27.45248014,32466.16922,69.20527212,34737.28296,74.04640517
Barangay 689,24625.5285,983.4113647,3.993462981,9221.075611,37.44518867,22847.72972,92.78066749
Barangay 69,23625.73804,3800,16.08415362,6176.800568,26.14437085,11324.33398,47.93219141
Barangay 690,12881.93415,1276.175266,9.9067054,6115.613147,47.47433944,12681.93415,98.44743811
Barangay 691,14671.46716,1164.80792,7.939273608,6838.143051,46.60844738,13909.85392,94.80888151
Barangay 692,39947.62855,16157.49868,40.446703,25915.61665,64.87398023,34809.2418,87.13719201
Barangay 693,27851.29541,11093.10106,39.82974901,17655.08501,63.39053446,27551.29541,98.92285082
Barangay 694,71487.55016,26111.61922,36.52610722,67447.12371,94.34806978,63610.31306,88.9809665
Barangay 695,47651.66907,10903.81249,22.88233067,39351.66907,82.58193226,32624.04275,68.46358875
Barangay 696,83466.77302,19238.38128,23.04914948,48312.31632,57.88209436,68245.24638,81.76336991
Barangay 697,85657.37411,39260.39243,45.83422366,61116.83884,71.35035305,78032.99701,91.09898339
Barangay 698,84606.74026,55175.66711,65.21426891,67241.18339,79.47497231,79913.99841,94.45346572
Barangay 699,195534.0455,29101.43203,14.88305116,45205.27003,23.11887422,70185.42675,35.89422322
Barangay 7,44040.7227,20195.05523,45.85541287,38556.59149,87.54759032,42990.2236,97.61470966
Barangay 70,12732.18997,100.0000001,0.785410839,99.99999999,0.785410839,5739.398482,45.07785776
Barangay 700,39516.96996,6683.739207,16.91359235,14860.96557,37.60654116,20498.30323,51.87215329
Barangay 701,191438.4171,33032.6599,17.25497964,61645.6485,32.20129451,89397.76261,46.69792195
Barangay 702,43462.73013,29607.25071,68.12100993,38261.79818,88.03358204,42664.83606,98.16418788
Barangay 703,58588.21171,10361.00573,17.68445465,22797.41834,38.91127187,43985.56433,75.07579264
Barangay 704,35854.64592,13072.18415,36.4588293,24634.15944,68.70562743,32969.18819,91.95234633
Barangay 705,22879.77468,12562.323,54.90579859,21979.7418,96.06625115,22479.77468,98.25173104
Barangay 706,40139.59836,14193.74866,35.36096335,28473.90556,70.93719601,35839.26298,89.28655105
Barangay 707,4394.683401,1832.933564,41.7079775,4391.525163,99.92813503,4294.683401,97.72452323
Barangay 708,20168.77266,2507.213791,12.4311669,9567.881275,47.43908535,12489.1212,61.92306005
Barangay 709,43862.8289,11566.93459,26.37069902,22520.2555,51.34246027,30962.13714,70.58855507
Barangay 71,39840.14977,8658.978695,21.73430257,28759.16324,72.18638335,36621.24477,91.92044954
Barangay 710,10387.08044,4227.93086,40.70374619,8899.281178,85.67644417,9687.080444,93.26085897
Barangay 711,8760.848461,1852.722477,21.14775167,5464.463528,62.37367936,6812.868007,77.76493381
Barangay 712,13130.24365,5068.924739,38.60495567,12013.50038,91.49487781,12893.13945,98.19421327
Barangay 713,5250.643747,2307.012965,43.93771652,4470.508479,85.14210247,4086.745607,77.83322968
Barangay 714,15467.43475,4740.946731,30.65115067,8514.008405,55.04473457,11091.68023,71.70988857
Barangay 715,5368.558044,2097.974487,39.07891969,3970.435217,73.95720013,3715.512675,69.20876415
Barangay 716,4890.522249,2942.205686,60.16138024,4866.645216,99.51176925,4881.093795,99.80720967
Barangay 717,2741.014756,2407.486678,87.83194884,2741.014756,100,2741.014756,100
Barangay 718,8380.387703,5366.855562,64.04065961,8249.175916,98.43429933,7642.193135,91.19140315
Barangay 719,497873.5969,191763.6044,38.5165242,257649.1773,51.74991783,281707.3176,56.58209622
Barangay 72,26753.15782,6792.871747,25.3909157,8862.518656,33.12700025,5959.026432,22.27410489
Barangay 720,53193.78911,28155.98066,52.93095516,32587.01975,61.2609485,31636.8804,59.47476375
Barangay 721,133679.0024,71869.54724,53.76277947,108830.0165,81.41145173,114800.8482,85.87799595
Barangay 722,26061.43833,2051.909797,7.873355915,10208.59235,39.17125455,17665.53694,67.78419792
Barangay 723,22350.88934,7772.668684,34.77565731,14218.51688,63.61499385,18950.88934,84.78807734
Barangay 724,83218.33295,18835.9875,22.6344206,38538.50923,46.31011926,44263.17842,53.18921547
Barangay 725,52903.98157,17903.87497,33.84220702,31708.74186,59.9363997,36903.98157,69.75652962
Barangay 726,43239.14997,9798.778476,22.66182033,18802.65378,43.48525306,22153.63441,51.23512933
Barangay 727,57898.22491,12484.56411,21.56294797,29787.68815,51.44836167,32920.20788,56.85875159
Barangay 728,71364.76395,28872.54584,40.45770523,60229.66771,84.39692696,61611.00509,86.33252838
Barangay 729,31462.21098,11656.0844,37.04788709,19694.44757,62.59715054,22562.9168,71.71433952
Barangay 73,10383.71022,1873.333878,18.04108396,2107.858257,20.29966373,2318.751272,22.33066239
Barangay 730,45088.86624,8021.429731,17.79026709,14477.26067,32.10828278,20056.69526,44.48258947
Barangay 731,36278.52836,28147.53867,77.58732215,34897.73645,96.19391423,34580.46888,95.31938159
Barangay 732,23187.97538,18693.08971,80.61544574,21287.97538,91.80609791,20861.13549,89.9653167
Barangay 733,40854.66918,38846.86355,95.08549287,40827.94156,99.93457878,40575.88194,99.31761229
Barangay 734,15041.54512,2532.176591,16.83455105,3576.293998,23.77610791,4708.524861,31.30346533
Barangay 735,22346.62259,12593.67588,56.35605932,15619.59215,69.89688077,14801.71469,66.23692074
Barangay 736,14586.53894,7338.693486,50.31141051,12464.59231,85.45270651,12481.83781,85.57093535
Barangay 737,11985.30049,655.4850422,5.469074744,3989.900021,33.28994566,7121.955483,59.42241905
Barangay 738,32860.8626,19395.0594,59.02175982,27275.7868,83.00386735,25038.04892,76.19413166
Barangay 739,25868.98882,12516.49391,48.38416373,22071.25596,85.31936102,22268.18638,86.0806216
Barangay 74,20036.54853,14231.7402,71.02890091,20036.54853,100,20036.54853,100
Barangay 740,29944.97543,9540.775095,31.86102162,14046.35583,46.90722109,18568.63146,62.00917246
Barangay 741,14020.59523,1739.868591,12.40937751,6945.923094,49.54085744,8160.476398,58.20349469
Barangay 742,7562.596324,2266.071282,29.96419728,4028.098366,53.2634322,6955.883366,91.97745149
Barangay 743,37670.44846,16988.99717,45.0990043,30514.20139,81.00302131,33609.52561,89.21987124
Barangay 744,33479.76884,27982.26431,83.57962221,32427.93855,96.85831077,31177.2432,93.12263579
Barangay 745,13684.19147,10662.85449,77.92096827,13437.75622,98.1991245,13090.82186,95.66383143
Barangay 746,34319.3753,30974.41564,90.25343663,34119.3753,99.41723881,33122.18335,96.51161499
Barangay 747,11625.31372,5021.573241,43.19516326,6674.57274,57.41413006,5174.581122,44.51132457
Barangay 748,28627.37536,16533.44462,57.75396596,27005.02064,94.33285552,27527.37536,96.1575241
Barangay 749,11581.63603,4214.961711,36.3934914,6394.255521,55.21029591,5592.355904,48.28640696
Barangay 75,25624.71982,17174.23941,67.02215488,24871.09883,97.05900789,25498.22974,99.50637477
Barangay 750,26229.98527,13692.64675,52.20226625,18305.95468,69.79018284,16924.28459,64.52266145
Barangay 751,25012.65912,18988.03383,75.91369531,22800.4301,91.15556243,23265.40692,93.01452838
Barangay 752,17073.1008,2812.104912,16.47096766,11583.96051,67.84918948,13866.47041,81.21823078
Barangay 753,24405.86952,19986.17615,81.8908588,23528.72534,96.40601137,23545.08892,96.47305908
Barangay 754,13219.06029,11319.7903,85.63233732,12458.6805,94.24785292,12479.84089,94.40792775
Barangay 755,33694.37558,31833.4647,94.47708751,33381.27338,99.07075827,33269.99189,98.74049102
Barangay 756,27189.31853,25858.75529,95.10630164,26689.1654,98.16047936,26389.31853,97.05766807
Barangay 757,13718.18576,12276.56513,89.49117133,13711.85785,99.95387206,13675.58334,99.68944567
Barangay 758,19191.95489,13815.35356,71.98512939,17707.68554,92.26618987,18089.07333,94.2534173
Barangay 759,28083.45548,19571.02703,69.68881389,25131.02022,89.48692312,24127.66915,85.9141752
Barangay 76,18288.59368,10274.10747,56.17767911,18223.27374,99.64283784,18115.08376,99.05126703
Barangay 760,28631.54959,24931.54959,87.07719263,28631.54959,100,28331.54959,98.95220481
Barangay 761,29237.72398,29137.72398,99.65797611,29237.72398,100,29137.72398,99.65797611
Barangay 762,26594.83209,26511.30749,99.68593672,26594.83209,100,26053.98909,97.96636054
Barangay 763,29108.07134,16555.09755,56.87459452,24874.25005,85.45482028,24517.70868,84.22993195
Barangay 764,48003.657,23185.00379,48.29841148,33933.14723,70.68867113,35973.57136,74.93923089
Barangay 765,29262.05564,9226.643591,31.53108485,15125.05558,51.68828797,17608.88188,60.17650331
Barangay 766,21685.15162,3330.565589,15.35873784,4876.824017,22.48923181,6416.359793,29.5887246
Barangay 767,42060.88167,3273.301235,7.782293441,9683.084202,23.02159113,16719.79038,39.75140253
Barangay 768,26187.26647,20662.1331,78.90145056,26187.26647,100,26187.26647,100
Barangay 769,33966.92253,23244.90679,68.43395004,26429.64416,77.80994624,26029.63662,76.63230781
Barangay 77,12815.54727,4032.654667,31.46689393,11662.71505,91.00442457,12815.54727,100
Barangay 770,54929.38018,2251.466226,4.098837851,2997.166928,5.456400415,5659.102808,10.30250622
Barangay 771,28800.83585,1253.587247,4.352607174,5444.997918,18.90569408,9594.654138,33.31380446
Barangay 772,31370.39056,1861.453608,5.933791625,5332.825897,16.99955213,6468.554221,20.61993525
Barangay 773,27126.91567,1494.13765,5.507952575,2562.640989,9.446857211,4541.894015,16.74312727
Barangay 774,18821.7167,777.3603302,4.130124486,4000.662989,21.25556905,1478.264047,7.854034097
Barangay 775,48510.70094,5615.705345,11.57621975,8117.482096,16.73338447,9565.792405,19.71893256
Barangay 776,31481.01327,6381.523426,20.27102295,22957.76963,72.9257646,10920.97488,34.69067144
Barangay 777,28042.5292,7750.627589,27.63883219,25827.58388,92.10147804,8831.831231,31.49441752
Barangay 778,15673.67887,0,0,760.7417591,4.85362604,3885.420784,24.78946275
Barangay 779,36872.29489,1867.038794,5.063527506,10841.1068,29.40176854,12095.48679,32.80372656
Barangay 78,14718.2384,14259.64006,96.88414922,14718.2384,100,14718.2384,100
Barangay 780,31754.91189,26394.35429,83.1189656,31754.91189,100,21216.41929,66.81303152
Barangay 781,32831.84981,14315.83907,43.60351046,32331.84981,98.47708855,13895.5113,42.32326653
Barangay 782,25177.9708,24310.77392,96.55573164,25177.9708,100,21048.86947,83.60034107
Barangay 783,27149.29763,18844.86164,69.41196745,25087.93396,92.40730386,16305.38676,60.05822684
Barangay 784,25200.97961,24606.2239,97.63995004,25200.97961,100,24103.70014,95.64588565
Barangay 785,14403.22922,6029.751167,41.86388397,13803.22922,95.8342675,9984.277048,69.31971225
Barangay 786,28509.2774,21083.42372,73.95285198,24317.46175,85.29666118,23164.02656,81.25083718
Barangay 787,20139.05999,18710.05625,92.90431758,20139.05999,100,19364.93729,96.15611307
Barangay 788,14173.42397,14173.42397,100,14173.42397,100,13984.48656,98.66696001
Barangay 789,19749.53546,18233.13778,92.32185645,19749.53546,100,17183.87885,87.00902806
Barangay 79,7835.197936,4837.864184,61.7452708,7680.929819,98.03108845,7835.197936,100
Barangay 790,52456.09499,23571.21438,44.93512982,44377.69669,84.5996956,27436.51184,52.30376345
Barangay 791,27466.17063,11210.32891,40.81504138,27116.02421,98.72517204,14400.71969,52.43075155
Barangay 792,30359.99949,20717.88051,68.24071429,30359.99949,100,21039.24,69.29921066
Barangay 793,23005.74914,18354.26016,79.78118883,23005.74914,100,17463.55294,75.90951652
Barangay 794,11932.21448,7288.563361,61.08307367,9162.353157,76.78669515,7428.969638,62.25977291
Barangay 795,6153.75589,6008.55817,97.64050244,6153.75589,100,6153.75589,100
Barangay 796,10823.99715,10569.19487,97.64595023,10823.99715,100,10823.99715,100
Barangay 797,8078.70309,7323.845795,90.65620699,7774.987469,96.24053988,8078.70309,100
Barangay 798,27839.32085,9130.268823,32.79630588,10268.90627,36.88633902,25938.26802,93.17133905
Barangay 799,16188.04129,7516.803889,46.43430142,7916.803889,48.90526127,10724.49605,66.24949773
Barangay 8,36398.18589,17894.77861,49.16392994,29467.84362,80.95964921,30433.45904,83.61257106
Barangay 80,11686.74358,5222.761464,44.68962144,8486.74358,72.61854872,11586.74358,99.14432965
Barangay 800,18785.08204,7789.948063,41.4687998,8363.132348,44.52007359,7773.443574,41.38094024
Barangay 801,20772.92845,8034.315227,38.67685409,9394.558088,45.22500576,19848.47755,95.54973242
Barangay 802,28259.8004,1393.941217,4.932593992,6054.057829,21.42286125,28096.36718,99.42167597
Barangay 803,45519.95907,20317.17279,44.63354802,28122.48982,61.78056922,34289.04304,75.32749093
Barangay 804,23634.62476,1570.250762,6.643857383,2011.187847,8.509497683,20729.17951,87.70682723
Barangay 805,19549.80516,2571.656248,13.15438301,11745.48741,60.07981826,19343.32823,98.9438415
Barangay 806,28804.42353,18368.0157,63.76803784,27706.8969,96.18972888,27904.42353,96.87547991
Barangay 807,31367.63769,18359.79602,58.53101277,21259.62919,67.77567823,21102.87141,67.27593456
Barangay 808,27703.05884,26929.14908,97.20641046,27505.40128,99.28651359,26789.11157,96.70091569
Barangay 809,19585.45047,19585.45047,100,19585.45047,100,19585.45047,100
Barangay 81,17715.1464,9743.328862,54.99999064,17086.91955,96.45373039,17117.59987,96.62691738
Barangay 810,25139.15466,25084.5241,99.78268733,25116.26119,99.908933,25076.58822,99.75111955
Barangay 811,33075.55072,13038.88397,39.42151735,16851.25827,50.94777836,14911.29852,45.08254043
Barangay 812,51001.90135,49307.69663,96.6781538,50353.18624,98.72805701,48768.07601,95.6201136
Barangay 813,22469.27073,22186.73507,98.74256863,22393.70778,99.66370538,22141.20986,98.53995763
Barangay 814,17002.24701,16464.9118,96.83962236,17002.24701,100,14745.12168,86.7245469
Barangay 815,28928.02131,26177.78468,90.49282839,28611.13613,98.90457359,24962.79339,86.29277861
Barangay 816,10668.90862,10503.21631,98.446961,10668.90862,100,10407.0652,97.54573383
Barangay 817,8418.794586,7421.82211,88.15777643,8418.794586,100,7346.67713,87.26519046
Barangay 818,14193.23728,14193.23728,100,14193.23728,100,14193.23728,100
Barangay 818-A,8353.231026,8353.231026,100,8353.231026,100,8353.231026,100
Barangay 819,14583.79237,14583.79237,100,14583.79237,100,14468.15688,99.2070959
Barangay 82,22510.41551,9424.287902,41.86634359,20910.41551,92.89217918,22207.96203,98.6563843
Barangay 820,45146.63834,45146.63834,100,45146.63834,100,44832.16459,99.30343929
Barangay 821,13658.05375,13489.21779,98.76383583,13658.05375,100,13366.22494,97.86332069
Barangay 822,13581.55064,13481.55064,99.26370705,13581.55064,100,13183.11658,97.06635809
Barangay 823,17145.19266,16674.90174,97.25701003,17075.90051,99.59585088,16375.25469,95.50930698
Barangay 824,38739.52598,17197.52212,44.39270147,34008.81812,87.78842091,24167.42848,62.3844197
Barangay 825,59473.03285,30890.61973,51.94054894,47280.47696,79.49901777,29152.08661,49.01731963
Barangay 826,21266.26753,21266.26753,100,21266.26753,100,21064.70159,99.05217999
Barangay 827,112780.5663,102842.7295,91.18834289,112780.5663,100,106389.3411,94.33304394
Barangay 828,16252.32983,16252.32983,100,16252.32983,100,16252.32983,100
Barangay 829,168893.3626,101110.0102,59.86618338,154293.3626,91.35549214,107260.9186,63.50807217
Barangay 83,14027.88794,4903.302645,34.95396219,13334.57963,95.057643,14027.88794,100
Barangay 830,419226.5146,323945.5373,77.27219678,398226.5146,94.99077485,334170.6524,79.71123981
Barangay 831,173167.1539,127223.2751,73.46847956,158967.1539,91.79983058,135369.9014,78.1729666
Barangay 832,91259.06808,73151.48214,80.15804203,86813.97072,95.12914448,69650.37779,76.32159659
Barangay 833,63872.1993,61813.24,96.77643902,63572.1993,99.53031209,58596.03576,91.73949919
Barangay 834,278735.3706,266416.415,95.58041176,276335.3706,99.13896826,249214.6712,89.40905872
Barangay 835,93087.22708,84971.48851,91.28157662,92791.44551,99.68225333,80334.32631,86.300053
Barangay 836,50002.15397,38417.56721,76.83182456,48811.71106,97.61921675,30103.91874,60.20524387
Barangay 837,64394.41145,61038.10684,94.78789458,63794.41145,99.06824212,55720.74527,86.53040538
Barangay 838,49880.39471,32026.47765,64.20654414,38266.61919,76.71675296,31382.03548,62.91456927
Barangay 839,95703.24607,82033.31255,85.71633243,95703.24607,100,72361.58963,75.61038168
Barangay 84,14568.44706,2073.009017,14.22944401,12961.75536,88.97142782,14368.44706,98.62717008
Barangay 840,26570.0267,26453.957,99.56315551,26570.0267,100,25467.28825,95.84969008
Barangay 841,41365.15108,41365.15108,100,41365.15108,100,40996.21764,99.10810566
Barangay 842,31614.42617,30901.82136,97.74595053,31614.42617,100,30429.00222,96.25037019
Barangay 843,28496.53181,28496.53181,100,28496.53181,100,28496.53181,100
Barangay 844,33332.20256,19356.08126,58.07021371,26245.37476,78.73879535,18702.70854,56.11002904
Barangay 845,17431.82687,14606.62786,83.792869,16043.65305,92.0365557,13422.93154,77.00243719
Barangay 846,13892.75915,10386.76992,74.76390976,11466.27117,82.5341535,10302.29735,74.15587675
Barangay 847,40720.503,40070.10775,98.40278191,40267.08997,98.886524,38580.9986,94.74587924
Barangay 848,41155.45516,40838.6403,99.23019959,41155.45516,100,40621.95944,98.70370594
Barangay 849,12051.29791,10468.592,86.86692571,12051.29791,100,11020.23135,91.44435258
Barangay 85,25400.7636,10351.09276,40.75110861,16767.20715,66.01064212,23762.64419,93.55090488
Barangay 850,11768.1425,11236.45918,95.48201149,11768.1425,100,11000.58499,93.47766638
Barangay 851,23604.99534,13378.75331,56.67763588,18616.89,78.86843329,12027.37558,50.95267085
Barangay 852,8812.869646,8795.575553,99.80376321,8812.869646,100,8799.170266,99.84455257
Barangay 853,7322.385133,5132.548199,70.09393942,5332.548199,72.82528988,4964.211999,67.79501363
Barangay 855,44237.90107,28860.87622,65.24015725,43197.67081,97.64855422,27138.29665,61.34625739
Barangay 856,39725.29599,39267.27402,98.84702691,39725.29599,100,35984.0289,90.58215427
Barangay 857,15005.28184,13226.22545,88.14379886,14724.9367,98.13169023,11720.109,78.10655687
Barangay 858,14770.52906,14770.52906,100,14770.52906,100,14670.52906,99.32297618
Barangay 859,34383.43125,31589.96354,91.87554118,34165.78989,99.36701673,29591.68901,86.06380436
Barangay 86,20757.43193,6351.831619,30.60027676,19544.79344,94.15805145,19957.43193,96.1459587
Barangay 860,18580.6599,17680.6599,95.15625384,18580.6599,100,16981.48955,91.39336089
Barangay 861,20626.52603,20626.52603,100,20626.52603,100,20519.5954,99.48158682
Barangay 862,43486.30196,42586.30696,97.93039425,43486.30196,100,39725.25632,91.35119457
Barangay 863,37505.05642,37299.92585,99.45305889,37505.05642,100,36540.06481,97.42703598
Barangay 864,19781.55731,17958.31244,90.78310747,19681.55731,99.49447863,16530.94615,83.56746583
Barangay 865,186775.4746,129435.9388,69.30028637,180575.4746,96.68050636,113612.5469,60.82840753
Barangay 866,157695.7912,153261.3284,97.18796376,157695.7912,100,148187.3484,93.97038895
Barangay 867,30022.64895,30022.64895,100,30022.64895,100,29302.69994,97.6019804
Barangay 868,18481.67283,13233.205,71.60177066,15736.28406,85.14534481,14974.04733,81.02106054
Barangay 869,24943.61476,21448.65783,85.98857075,23843.61476,95.59005376,19873.9807,79.67562396
Barangay 87,20727.23004,4613.949443,22.26032825,19739.86854,95.23640398,20327.23004,98.07017146
Barangay 870,23738.06325,23738.06325,100,23738.06325,100,23638.06325,99.57873564
Barangay 871,12731.82416,12731.82416,100,12731.82416,100,12731.82416,100
Barangay 872,24078.30601,19231.17121,79.86928647,20249.29491,84.09767241,20254.40654,84.11890158
Barangay 873,40794.44524,37894.44524,92.89118902,40794.44524,100,34094.44524,83.57619533
Barangay 874,48771.10947,48757.99272,99.9731055,48771.10947,100,48284.35323,99.00195782
Barangay 875,30848.18557,30848.18557,100,30848.18557,100,30748.18557,99.67583183
Barangay 876,35722.65139,33482.50202,93.72905066,35222.65139,98.60032786,29760.46594,83.30979024
Barangay 877,29530.7823,27933.8183,94.59220559,29530.7823,100,25951.78506,87.88045232
Barangay 878,22348.25836,20448.94551,91.50129367,22348.25836,100,19101.42281,85.47163946
Barangay 879,42666.09488,35306.24425,82.75011892,42466.09488,99.53124372,32368.27833,75.86416902
Barangay 88,9838.989138,7026.07093,71.41049585,9141.032905,92.9062201,9838.989138,100
Barangay 880,60647.23642,55862.41177,92.11039954,60647.23642,100,51102.30344,84.2615533
Barangay 881,43434.15292,43434.15292,100,43434.15292,100,43134.15292,99.3092993
Barangay 882,22363.94432,22363.94432,100,22363.94432,100,22363.94432,100
Barangay 883,49707.79011,44594.32384,89.7129479,49507.79011,99.59764858,42333.46312,85.16464527
Barangay 884,84099.77986,71593.90662,85.12971941,81082.28994,96.41201212,72403.36156,86.09221294
Barangay 885,31867.34995,17432.27806,54.7026285,25284.83986,79.34403049,15852.35463,49.74481611
Barangay 886,22302.10849,14999.77808,67.25721959,19728.64275,88.46088593,13795.58959,61.85778171
Barangay 887,36041.67598,30095.8536,83.50292483,34715.14171,96.31944346,27641.62612,76.6935093
Barangay 888,64884.64234,50649.59926,78.06099785,63886.04317,98.4609622,43826.15222,67.54472344
Barangay 889,61394.18532,42176.19553,68.69737795,61294.18532,99.83711813,35316.56415,57.52428177
Barangay 89,12413.24814,7636.041025,61.5152532,12413.24814,100,12413.24814,100
Barangay 890,87314.16287,49240.54952,56.39468777,79441.79134,90.983855,42653.90927,48.85107739
Barangay 891,39496.89349,20626.1039,52.22209159,24867.8642,62.96156988,16403.39115,41.53083875
Barangay 892,28322.75633,26240.19208,92.64702834,28322.75632,99.99999999,23916.91808,84.44417559
Barangay 893,54086.17078,49980.82172,92.40961413,51533.29814,95.27999004,53698.31067,99.28288487
Barangay 894,38114.36355,37596.9278,98.64241272,38114.36355,100,35395.58732,92.86679357
Barangay 895,20786.0353,20786.0353,100,20786.0353,100,17964.03608,86.42358112
Barangay 896,129379.6379,91248.00894,70.52733366,129179.6379,99.84541617,79415.35633,61.38164984
Barangay 897,67304.54226,67195.68377,99.83825983,67304.54226,100,66331.11483,98.55369728
Barangay 898,59781.63121,42689.28422,71.40869755,54881.63121,91.80350235,39871.55209,66.69532309
Barangay 899,16496.4625,16183.80109,98.10467602,16496.4625,100,14701.02626,89.11623485
Barangay 9,12766.72003,7660.553114,60.00408168,12525.63462,98.11161043,12567.17761,98.43701106
Barangay 90,9981.340723,5304.067468,53.13982976,9979.296957,99.97952413,9981.340723,100
Barangay 900,65079.20022,33438.32949,51.38097791,63026.89649,96.84645213,35642.97973,54.76861979
Barangay 901,7529.898783,7302.340411,96.97793585,7529.898783,100,6768.296111,89.88561874
Barangay 902,11874.24587,11040.94356,92.98227174,11874.24587,100,10104.08691,85.0924515
Barangay 903,26182.28768,26182.28768,100,26182.28768,100,24928.38674,95.21088088
Barangay 904,13260.09024,6229.751529,46.98121517,13260.09024,100,5539.093882,41.77267108
Barangay 905,163191.9423,71269.50831,43.67219809,101844.246,62.40764378,73878.04613,45.27064577
Barangay 91,56575.08829,18283.14891,32.31660694,47156.5076,83.35207072,53551.86268,94.65626002
Barangay 92,26574.04786,9280.427304,34.92289677,25834.68977,97.21774378,26232.874,98.7161389
Barangay 93,43862.6263,22361.99271,50.98188274,32716.62226,74.58883568,33084.09446,75.42661544
Barangay 94,97929.38066,36212.29568,36.97796865,55976.21301,57.15977435,76990.55718,78.61844593
Barangay 95,33345.29413,9775.483333,29.31593074,18837.99222,56.49370536,22312.41096,66.91322282
Barangay 96,88678.5177,42825.91437,48.29344861,50700.44265,57.17330867,49638.39315,55.97566856
Barangay 97,30420.17289,22464.5113,73.84741495,29995.13351,98.60277131,29920.17289,98.35635385
Barangay 98,14084.33078,12464.99236,88.5025533,13823.99011,98.15155808,13756.69,97.67372137
Barangay 99,12936.92296,10690.54402,82.63591009,11303.78027,87.3761118,10390.54753,80.31699322
Manila North Cemetery,663086.3839,79829.62575,12.03909893,106903.1493,16.12205466,107851.5367,16.26508089
"Tutuban Mall (Claimed by Five Barangays of Tondo, Manila)",95677.99633,21549.4897,22.52293164,59709.55551,62.40677877,34424.49375,35.97953037
