Barangay,Area
Barangay 310,Santa Cruz
Barangay 628,Sampaloc
Barangay 649,Port Area
Barangay 598,Sampaloc
Barangay 648,San Miguel
Barangay 20,Tondo I / II
Barangay 843,Pandacan
Barangay 900,Santa Ana
Barangay 397,Sampaloc
Barangay 898,Santa Ana
Barangay 101,Tondo I / II
Barangay 152,Tondo I / II
Barangay 836,Pandacan
Barangay 830,Paco
Barangay 128,Tondo I / II
Barangay 183,Tondo I / II
Barangay 630,Sampaloc
Barangay 275,San Nicolas
Barangay 781,Santa Ana
Barangay 116,Tondo I / II
Barangay 48,Tondo I / II
Barangay 129,Tondo I / II
Barangay 829,Paco
Barangay 595,Sampaloc
Barangay 396,Sampaloc
Barangay 105,Tondo I / II
Barangay 601,Sampaloc
Barangay 905,Santa Ana
Barangay 733,Malate
Barangay 58,Tondo I / II
Barangay 91,Tondo I / II
Barangay 719,Malate
Barangay 393,Quiapo
Barangay 739,Malate
Barangay 50,Tondo I / II
Barangay 866,Santa Ana
Barangay 60,Tondo I / II
Barangay 903,Santa Ana
Barangay 313,Santa Cruz
Barangay 293,Binondo
Barangay 198,Tondo I / II
Barangay 262,Tondo I / II
Barangay 787,Santa Ana
Barangay 97,Tondo I / II
Barangay 276,San Nicolas
Barangay 880,Santa Ana
Barangay 659-A,Ermita
Barangay 823,Paco
Barangay 221,Tondo I / II
Barangay 860,Pandacan
Barangay 776,Santa Ana
Barangay 385,Quiapo
Barangay 103,Tondo I / II
Barangay 831,Paco
Barangay 704,Malate
Barangay 784,Santa Ana
Barangay 56,Tondo I / II
Barangay 686,Paco
Barangay 736,Malate
Barangay 777,Santa Ana
Barangay 464,Sampaloc
Barangay 479,Sampaloc
Barangay 384,Quiapo
Barangay 138,Tondo I / II
Barangay 287,Binondo
Barangay 53,Tondo I / II
Barangay 215,Tondo I / II
Barangay 155,Tondo I / II
Barangay 844,Pandacan
Barangay 312,Santa Cruz
Barangay 672,Paco
Barangay 93,Tondo I / II
Barangay 125,Tondo I / II
Barangay 112,Tondo I / II
Barangay 870,Pandacan
Barangay 292,Binondo
Barangay 99,Tondo I / II
Barangay 146,Tondo I / II
Barangay 837,Pandacan
Barangay 702,Malate
Barangay 432,Sampaloc
Barangay 429,Sampaloc
Barangay 847,Pandacan
Barangay 213,Tondo I / II
Barangay 647,San Miguel
Barangay 330,Santa Cruz
Barangay 792,Santa Ana
Barangay 264,Tondo I / II
Barangay 835,Pandacan
Barangay 41,Tondo I / II
Barangay 92,Tondo I / II
Barangay 457,Sampaloc
Barangay 418,Sampaloc
Barangay 353,Santa Cruz
Barangay 832,Paco
Barangay 705,Malate
Barangay 402,Sampaloc
Barangay 407,Sampaloc
Barangay 288,Binondo
Barangay 343,Santa Cruz
Barangay 731,Malate
Barangay 842,Pandacan
Barangay 228,Tondo I / II
Barangay 850,Pandacan
Barangay 209,Tondo I / II
Barangay 281,San Nicolas
Barangay 840,Pandacan
Barangay 675,Paco
Barangay 82,Tondo I / II
Barangay 670,Ermita
Barangay 422,Sampaloc
Barangay 351,Santa Cruz
Barangay 420,Sampaloc
Barangay 828,Paco
Barangay 254,Tondo I / II
Barangay 51,Tondo I / II
Barangay 738,Malate
Barangay 827,Paco
Barangay 13,Tondo I / II
Barangay 660-A,Ermita
Barangay 14,Tondo I / II
Barangay 676,Paco
Barangay 673,Paco
Barangay 177,Tondo I / II
Barangay 163,Tondo I / II
Barangay 387,Quiapo
Barangay 484,Sampaloc
Barangay 291,Binondo
Barangay 383,Quiapo
Barangay 871,Pandacan
Barangay 410,Sampaloc
Barangay 855,Pandacan
Barangay 391,Quiapo
Barangay 814,Paco
Barangay 791,Santa Ana
Barangay 684,Paco
Barangay 210,Tondo I / II
Barangay 599,Sampaloc
Barangay 821,Paco
Barangay 862,Pandacan
Barangay 780,Santa Ana
Barangay 469,Sampaloc
Barangay 398,Sampaloc
Barangay 67,Tondo I / II
Barangay 841,Pandacan
Barangay 49,Tondo I / II
Barangay 102,Tondo I / II
Barangay 71,Tondo I / II
Barangay 868,Pandacan
Barangay 225,Tondo I / II
Barangay 867,Pandacan
Barangay 753,Santa Ana
Barangay 881,Santa Ana
Barangay 819,Paco
Barangay 754,Santa Ana
Barangay 11,Tondo I / II
Barangay 596,Sampaloc
Barangay 296,Binondo
Barangay 52,Tondo I / II
Barangay 282,San Nicolas
Barangay 697,Malate
Barangay 401,Sampaloc
Barangay 904,Santa Ana
Barangay 883,Santa Ana
Barangay 783,Santa Ana
Barangay 354,Santa Cruz
Barangay 95,Tondo I / II
Barangay 884,Santa Ana
Barangay 85,Tondo I / II
Barangay 55,Tondo I / II
Barangay 133,Tondo I / II
Barangay 411,Sampaloc
Barangay 808,Santa Ana
Barangay 677,Paco
Barangay 839,Pandacan
Barangay 199,Tondo I / II
Barangay 315,Santa Cruz
Barangay 142,Tondo I / II
Barangay 340,Santa Cruz
Barangay 266,Tondo I / II
Barangay 640,San Miguel
Barangay 239,Tondo I / II
Barangay 259,Tondo I / II
Barangay 342,Santa Cruz
Barangay 184,Tondo I / II
Barangay 897,Santa Ana
Barangay 713,Malate
Barangay 709,Malate
Barangay 838,Pandacan
Barangay 849,Pandacan
Barangay 336,Santa Cruz
Barangay 297,Santa Cruz
Barangay 122,Tondo I / II
Barangay 481,Sampaloc
Barangay 158,Tondo I / II
Barangay 341,Santa Cruz
Barangay 216,Tondo I / II
Barangay 364,Santa Cruz
Barangay 339,Santa Cruz
Barangay 566,Sampaloc
Barangay 826,Paco
Barangay 367,Santa Cruz
Barangay 485,Sampaloc
Barangay 76,Tondo I / II
Barangay 696,Malate
Barangay 636,Sampaloc
Barangay 857,Pandacan
Barangay 874,Santa Ana
Barangay 87,Tondo I / II
Barangay 62,Tondo I / II
Barangay 869,Pandacan
Barangay 81,Tondo I / II
Barangay 117,Tondo I / II
Barangay 412,Sampaloc
Barangay 294,Binondo
Barangay 86,Tondo I / II
Barangay 834,Pandacan
Barangay 810,Paco
Barangay 98,Tondo I / II
Barangay 260,Tondo I / II
Barangay 793,Santa Ana
Barangay 83,Tondo I / II
Barangay 662,Paco
Barangay 413,Sampaloc
Barangay 311,Santa Cruz
Barangay 135,Tondo I / II
Barangay 408,Sampaloc
Barangay 499,Sampaloc
Barangay 789,Santa Ana
Barangay 687,Paco
Barangay 54,Tondo I / II
Barangay 267,Tondo I / II
Barangay 669,Ermita
Barangay 65,Tondo I / II
Barangay 79,Tondo I / II
Barangay 745,Santa Ana
Barangay 424,Sampaloc
Barangay 818-A,Santa Ana
Barangay 334,Santa Cruz
Barangay 417,Sampaloc
Barangay 694,Malate
Barangay 271,San Nicolas
Barangay 399,Sampaloc
Barangay 204,Tondo I / II
Barangay 471,Sampaloc
Barangay 369,Santa Cruz
Barangay 203,Tondo I / II
Barangay 901,Santa Ana
Barangay 389,Quiapo
Barangay 338,Santa Cruz
Barangay 458,Sampaloc
Barangay 896,Santa Ana
Barangay 513,Sampaloc
Barangay 674,Paco
Barangay 856,Pandacan
Barangay 290,Binondo
Barangay 521,Sampaloc
Barangay 227,Tondo I / II
Barangay 223,Tondo I / II
Barangay 205,Tondo I / II
Barangay 627,Sampaloc
Barangay 153,Tondo I / II
Barangay 645,San Miguel
Barangay 149,Tondo I / II
Barangay 147,Tondo I / II
Barangay 234,Tondo I / II
Barangay 475,Sampaloc
Barangay 75,Tondo I / II
Barangay 434,Sampaloc
Barangay 894,Santa Ana
Barangay 782,Santa Ana
Barangay 602,Sampaloc
Barangay 619,Sampaloc
Barangay 763,Santa Ana
Barangay 806,Santa Ana
Barangay 249,Tondo I / II
Barangay 462,Sampaloc
Barangay 143,Tondo I / II
Barangay 790,Santa Ana
Barangay 317,Santa Cruz
Barangay 320,Santa Cruz
Barangay 483,Sampaloc
Barangay 732,Malate
Barangay 812,Paco
Barangay 414,Sampaloc
Barangay 257,Tondo I / II
Barangay 474,Sampaloc
Barangay 755,Santa Ana
Barangay 899,Santa Ana
Barangay 388,Quiapo
Barangay 848,Pandacan
Barangay 80,Tondo I / II
Barangay 63,Tondo I / II
Barangay 450,Sampaloc
Barangay 626,Sampaloc
Barangay 156,Tondo I / II
Barangay 409,Sampaloc
Barangay 707,Malate
Barangay 470,Sampaloc
Barangay 246,Tondo I / II
Barangay 514,Sampaloc
Barangay 456,Sampaloc
Barangay 768,Santa Ana
Barangay 497,Sampaloc
Barangay 314,Santa Cruz
Barangay 37,Tondo I / II
Barangay 400,Sampaloc
Barangay 565,Sampaloc
Barangay 572,Sampaloc
Barangay 507,Sampaloc
Barangay 833,Pandacan
Barangay 299,Santa Cruz
Barangay 624,Sampaloc
Barangay 419,Sampaloc
Barangay 817,Paco
Barangay 597,Sampaloc
Barangay 743,Malate
Barangay 863,Pandacan
Barangay 818,Paco
Barangay 467,Sampaloc
Barangay 394,Quiapo
Barangay 466,Sampaloc
Barangay 319,Santa Cruz
Barangay 307,Quiapo
Barangay 487,Sampaloc
Barangay 148,Tondo I / II
Barangay 365,Santa Cruz
Barangay 295,Binondo
Barangay 425,Sampaloc
Barangay 77,Tondo I / II
Barangay 902,Santa Ana
Barangay 495,Sampaloc
Barangay 846,Pandacan
Barangay 859,Pandacan
Barangay 327,Santa Cruz
Barangay 718,Malate
Barangay 251,Tondo I / II
Barangay 468,Sampaloc
Barangay 604,Sampaloc
Barangay 381,Santa Cruz
Barangay 337,Santa Cruz
Barangay 7,Tondo I / II
Barangay 270,San Nicolas
Barangay 489,Sampaloc
Barangay 746,Santa Ana
Barangay 289,Binondo
Barangay 815,Paco
Barangay 286,San Nicolas
Barangay 650,Port Area
Barangay 809,Paco
Barangay 231,Tondo I / II
Barangay 136,Tondo I / II
Barangay 617,Sampaloc
Barangay 681,Paco
Barangay 263,Tondo I / II
Barangay 500,Sampaloc
Barangay 404,Sampaloc
Barangay 214,Tondo I / II
Barangay 465,Sampaloc
Barangay 519,Sampaloc
Barangay 528,Sampaloc
Barangay 872,Pandacan
Barangay 473,Sampaloc
Barangay 845,Pandacan
Barangay 769,Santa Ana
Barangay 892,Santa Ana
Barangay 873,Santa Ana
Barangay 366,Santa Cruz
Barangay 642,San Miguel
Barangay 785,Santa Ana
Barangay 423,Sampaloc
Barangay 449,Sampaloc
Barangay 346,Santa Cruz
Barangay 511,Sampaloc
Barangay 820,Paco
Barangay 517,Sampaloc
Barangay 637,San Miguel
Barangay 306,Quiapo
Barangay 504,Sampaloc
Barangay 345,Santa Cruz
Barangay 795,Santa Ana
Barangay 229,Tondo I / II
Barangay 178,Tondo I / II
Barangay 712,Malate
Barangay 882,Santa Ana
Barangay 250,Tondo I / II
Barangay 130,Tondo I / II
Barangay 176,Tondo I / II
Barangay 395,Sampaloc
Barangay 84,Tondo I / II
Barangay 678,Paco
Barangay 477,Sampaloc
Barangay 151,Tondo I / II
Barangay 3,Tondo I / II
Barangay 131,Tondo I / II
Barangay 42,Tondo I / II
Barangay 447,Sampaloc
Barangay 247,Tondo I / II
Barangay 622,Sampaloc
Barangay 567,Sampaloc
Barangay 202,Tondo I / II
Barangay 455,Sampaloc
Barangay 386,Quiapo
Barangay 480,Sampaloc
Barangay 405,Sampaloc
Barangay 170,Tondo I / II
Barangay 416,Sampaloc
Barangay 824,Paco
Barangay 421,Sampaloc
Barangay 490,Sampaloc
Barangay 309,Quiapo
Barangay 476,Sampaloc
Barangay 472,Sampaloc
Barangay 671,Paco
Barangay 392,Quiapo
Barangay 300,Santa Cruz
Barangay 157,Tondo I / II
Barangay 510,Sampaloc
Barangay 426,Sampaloc
Barangay 889,Santa Ana
Barangay 448,Sampaloc
Barangay 226,Tondo I / II
Barangay 132,Tondo I / II
Barangay 335,Santa Cruz
Barangay 616,Sampaloc
Barangay 333,Santa Cruz
Barangay 59,Tondo I / II
Barangay 145,Tondo I / II
Barangay 744,Malate
Barangay 522,Sampaloc
Barangay 298,Santa Cruz
Barangay 219,Tondo I / II
Barangay 25,Tondo I / II
Barangay 861,Pandacan
Barangay 168,Tondo I / II
Barangay 323,Santa Cruz
Barangay 269,San Nicolas
Barangay 224,Tondo I / II
Barangay 716,Malate
Barangay 890,Santa Ana
Barangay 331,Santa Cruz
Barangay 692,Malate
Barangay 443,Sampaloc
Barangay 220,Tondo I / II
Barangay 629,Sampaloc
Barangay 169,Tondo I / II
Barangay 160,Tondo I / II
Barangay 543,Sampaloc
Barangay 459,Sampaloc
Barangay 61,Tondo I / II
Barangay 631,Sampaloc
Barangay 822,Paco
Barangay 134,Tondo I / II
Barangay 610,Sampaloc
Barangay 698,Malate
Barangay 137,Tondo I / II
Barangay 355,Santa Cruz
Barangay 326,Santa Cruz
Barangay 235,Tondo I / II
Barangay 305,Santa Cruz
Barangay 646,San Miguel
Barangay 588,Sampaloc
Barangay 308,Quiapo
Barangay 508,Sampaloc
Barangay 453,Sampaloc
Barangay 347,Santa Cruz
Barangay 217,Tondo I / II
Barangay 494,Sampaloc
Barangay 852,Pandacan
Barangay 583,Sampaloc
Barangay 764,Santa Ana
Barangay 261,Tondo I / II
Barangay 786,Santa Ana
Barangay 680,Paco
Barangay 252,Tondo I / II
Barangay 531,Sampaloc
Barangay 171,Tondo I / II
Barangay 172,Tondo I / II
Barangay 437,Sampaloc
Barangay 358,Santa Cruz
Barangay 175,Tondo I / II
Barangay 166,Tondo I / II
Barangay 144,Tondo I / II
Barangay 88,Tondo I / II
Barangay 740,Malate
Barangay 303,Santa Cruz
Barangay 503,Sampaloc
Barangay 875,Santa Ana
Barangay 761,Santa Ana
Barangay 451,Sampaloc
Barangay 788,Santa Ana
Barangay 575,Sampaloc
Barangay 380,Santa Cruz
Barangay 623,Sampaloc
Barangay 352,Santa Cruz
Barangay 607,Sampaloc
Barangay 491,Sampaloc
Barangay 440,Sampaloc
Barangay 167,Tondo I / II
Barangay 478,Sampaloc
Barangay 89,Tondo I / II
Barangay 888,Santa Ana
Barangay 760,Santa Ana
Barangay 302,Santa Cruz
Barangay 482,Sampaloc
Barangay 253,Tondo I / II
Barangay 445,Sampaloc
Barangay 502,Sampaloc
Barangay 436,Sampaloc
Barangay 390,Quiapo
Barangay 322,Santa Cruz
Barangay 460,Sampaloc
Barangay 864,Pandacan
Barangay 488,Sampaloc
Barangay 666,Ermita
Barangay 90,Tondo I / II
Barangay 609,Sampaloc
Barangay 454,Sampaloc
Barangay 679,Paco
Barangay 43,Tondo I / II
Barangay 813,Paco
Barangay 501,Sampaloc
Barangay 568,Sampaloc
Barangay 201,Tondo I / II
Barangay 611,Sampaloc
Barangay 463,Sampaloc
Barangay 348,Santa Cruz
Barangay 126,Tondo I / II
Barangay 509,Sampaloc
Barangay 361,Santa Cruz
Barangay 272,San Nicolas
Barangay 506,Sampaloc
Barangay 751,Santa Ana
Barangay 186,Tondo I / II
Barangay 316,Santa Cruz
Barangay 324,Santa Cruz
Barangay 816,Paco
Barangay 634,Sampaloc
Barangay 748,Santa Ana
Barangay 641,San Miguel
Barangay 439,Sampaloc
Barangay 371,Santa Cruz
Barangay 318,Santa Cruz
Barangay 638,San Miguel
Barangay 106,Tondo I / II
Barangay 644,San Miguel
Barangay 127,Tondo I / II
Barangay 244,Tondo I / II
Barangay 446,Sampaloc
Barangay 608,Sampaloc
Barangay 735,Malate
Barangay 165,Tondo I / II
Barangay 78,Tondo I / II
Barangay 492,Sampaloc
Barangay 403,Sampaloc
Barangay 74,Tondo I / II
Barangay 877,Santa Ana
Barangay 663,Ermita
Barangay 154,Tondo I / II
Barangay 363,Santa Cruz
Barangay 325,Santa Cruz
Barangay 505,Sampaloc
Barangay 667,Ermita
Barangay 537,Sampaloc
Barangay 858,Pandacan
Barangay 66,Tondo I / II
Barangay 379,Santa Cruz
Barangay 612,Sampaloc
Barangay 664,Ermita
Barangay 683,Paco
Barangay 625,Sampaloc
Barangay 620,Sampaloc
Barangay 728,Malate
Barangay 621,Sampaloc
Barangay 727,Malate
Barangay 4,Tondo I / II
Barangay 664-A,Paco
Barangay 360,Santa Cruz
Barangay 895,Santa Ana
Barangay 442,Sampaloc
Barangay 461,Sampaloc
Barangay 486,Sampaloc
Barangay 332,Santa Cruz
Barangay 643,San Miguel
Barangay 717,Malate
Barangay 807,Santa Ana
Barangay 635,Sampaloc
Barangay 618,Sampaloc
Barangay 328,Santa Cruz
Barangay 200,Tondo I / II
Barangay 141,Tondo I / II
Barangay 406,Sampaloc
Barangay 236,Tondo I / II
Barangay 159,Tondo I / II
Barangay 268,San Nicolas
Barangay 301,Santa Cruz
Barangay 382,Santa Cruz
Barangay 887,Santa Ana
Barangay 685,Paco
Barangay 594,Sampaloc
Barangay 431,Sampaloc
Barangay 441,Sampaloc
Barangay 206,Tondo I / II
Barangay 357,Santa Cruz
Barangay 661,Ermita
Barangay 174,Tondo I / II
Barangay 796,Santa Ana
Barangay 613,Sampaloc
Barangay 243,Tondo I / II
Barangay 164,Tondo I / II
Barangay 230,Tondo I / II
Barangay 28,Tondo I / II
Barangay 438,Sampaloc
Barangay 444,Sampaloc
Barangay 452,Sampaloc
Barangay 559,Sampaloc
Barangay 879,Santa Ana
Barangay 775,Santa Ana
Barangay 695,Malate
Barangay 368,Santa Cruz
Barangay 710,Malate
Barangay 851,Pandacan
Barangay 756,Santa Ana
Barangay 173,Tondo I / II
Barangay 493,Sampaloc
Barangay 5,Tondo I / II
Barangay 659,Ermita
Barangay 124,Tondo I / II
Barangay 9,Tondo I / II
Barangay 370,Santa Cruz
Barangay 140,Tondo I / II
Barangay 242,Tondo I / II
Barangay 876,Santa Ana
Barangay 181,Tondo I / II
Barangay 538,Sampaloc
Barangay 725,Malate
Barangay 759,Santa Ana
Barangay 245,Tondo I / II
Barangay 878,Santa Ana
Barangay 94,Tondo I / II
Barangay 893,Santa Ana
Barangay 64,Tondo I / II
Barangay 639,San Miguel
Barangay 729,Malate
Barangay 584,Sampaloc
Barangay 600,Sampaloc
Barangay 433,Sampaloc
Barangay 427,Sampaloc
Barangay 139,Tondo I / II
Barangay 150,Tondo I / II
Barangay 329,Santa Cruz
Barangay 218,Tondo I / II
Barangay 757,Santa Ana
Barangay 162,Tondo I / II
Barangay 632,Sampaloc
Barangay 274,San Nicolas
Barangay 660,Ermita
Barangay 721,Malate
Barangay 865,Pandacan
Barangay 238,Tondo I / II
Barangay 321,Santa Cruz
Barangay 518,Sampaloc
Barangay 430,Sampaloc
Barangay 415,Sampaloc
Barangay 682,Paco
Barangay 359,Santa Cruz
Barangay 57,Tondo I / II
Barangay 356,Santa Cruz
Barangay 6,Tondo I / II
Barangay 657,Intramuros
Barangay 633,Sampaloc
Barangay 614,Sampaloc
Barangay 615,Sampaloc
Barangay 574,Sampaloc
Barangay 349,Santa Cruz
Barangay 435,Sampaloc
Barangay 658,Intramuros
Barangay 526,Sampaloc
Barangay 265,Tondo I / II
Barangay 765,Santa Ana
Barangay 96,Tondo I / II
Barangay 1,Tondo I / II
Barangay 803,Santa Ana
Barangay 758,Santa Ana
Barangay 304,Santa Cruz
Barangay 711,Malate
Barangay 377,Santa Cruz
Barangay 180,Tondo I / II
Barangay 283,San Nicolas
Barangay 46,Tondo I / II
Barangay 654,Intramuros
Barangay 805,Santa Ana
Barangay 233,Tondo I / II
Barangay 16,Tondo I / II
Barangay 362,Santa Cruz
Barangay 561,Sampaloc
Barangay 762,Santa Ana
Barangay 372,Santa Cruz
Barangay 161,Tondo I / II
Barangay 240,Tondo I / II
Barangay 344,Santa Cruz
Barangay 885,Santa Ana
Barangay 248,Tondo I / II
Barangay 668,Ermita
Barangay 10,Tondo I / II
Barangay 750,Santa Ana
Barangay 576,Sampaloc
Barangay 100,Tondo I / II
Barangay 779,Santa Ana
Barangay 724,Malate
Barangay 520,Sampaloc
Barangay 720,Malate
Barangay 104,Tondo I / II
Barangay 663-A,Ermita
Barangay 222,Tondo I / II
Barangay 886,Santa Ana
Barangay 241,Tondo I / II
Barangay 544,Sampaloc
Barangay 714,Malate
Barangay 797,Santa Ana
Barangay 794,Santa Ana
Barangay 811,Paco
Barangay 688,Malate
Barangay 825,Paco
Barangay 498,Sampaloc
Barangay 8,Tondo I / II
Barangay 237,Tondo I / II
Barangay 752,Santa Ana
Barangay 651,Port Area
Barangay 542,Sampaloc
Barangay 196,Tondo I / II
Barangay 285,San Nicolas
Barangay 26,Tondo I / II
Barangay 767,Santa Ana
Barangay 701,Malate
Barangay 47,Tondo I / II
Barangay 232,Tondo I / II
Barangay 118,Tondo I / II
Barangay 72,Tondo I / II
Barangay 32,Tondo I / II
Barangay 110,Tondo I / II
Barangay 606,Sampaloc
Barangay 107,Tondo I / II
Barangay 202-A,Tondo I / II
Barangay 111,Tondo I / II
Barangay 891,Santa Ana
Barangay 273,San Nicolas
Barangay 212,Tondo I / II
Barangay 706,Malate
Barangay 562,Sampaloc
Barangay 428,Sampaloc
Barangay 741,Malate
Barangay 737,Malate
Barangay 33,Tondo I / II
Barangay 715,Malate
Barangay 258,Tondo I / II
Barangay 571,Sampaloc
Barangay 2,Tondo I / II
Barangay 723,Malate
Barangay 185,Tondo I / II
Barangay 197,Tondo I / II
Barangay 592,Sampaloc
Barangay 693,Malate
Barangay 536,Sampaloc
Barangay 853,Pandacan
Barangay 182,Tondo I / II
Barangay 378,Santa Cruz
Barangay 742,Malate
Barangay 211,Tondo I / II
Barangay 656,Intramuros
Barangay 703,Malate
Barangay 350,Santa Cruz
Barangay 68,Tondo I / II
Barangay 255,Tondo I / II
Barangay 207,Tondo I / II
Barangay 548,Sampaloc
Barangay 119,Tondo I / II
Barangay 515,Sampaloc
Barangay 529,Sampaloc
Barangay 12,Tondo I / II
Barangay 749,Santa Ana
Barangay 582,Sampaloc
Barangay 558,Sampaloc
Barangay 708,Malate
Barangay 800,Santa Ana
Barangay 730,Malate
Barangay 569,Sampaloc
Barangay 563,Sampaloc
Barangay 187,Tondo I / II
Barangay 766,Santa Ana
Barangay 774,Santa Ana
Barangay 747,Santa Ana
Barangay 690,Malate
Barangay 801,Santa Ana
Barangay 15,Tondo I / II
Barangay 18,Tondo I / II
Barangay 726,Malate
Barangay 45,Tondo I / II
Barangay 691,Malate
Barangay 29,Tondo I / II
Barangay 798,Santa Ana
Barangay 564,Sampaloc
Barangay 527,Sampaloc
Barangay 699,Malate
Barangay 512,Sampaloc
Barangay 374,Santa Cruz
Barangay 799,Santa Ana
Barangay 375,Santa Cruz
Barangay 586,Sampaloc
Barangay 722,Malate
Barangay 579,Sampaloc
Barangay 652,Port Area
Barangay 179,Tondo I / II
Barangay 689,Malate
Barangay 284,San Nicolas
Barangay 550,Sampaloc
Barangay 256,Tondo I / II
Barangay 516,Sampaloc
Barangay 69,Tondo I / II
Barangay 31,Tondo I / II
Barangay 373,Santa Cruz
Barangay 530,Sampaloc
Barangay 73,Tondo I / II
Barangay 123,Tondo I / II
Barangay 655,Intramuros
Barangay 587-A,Sampaloc
Barangay 121,Tondo I / II
Barangay 208,Tondo I / II
Barangay 376,Santa Cruz
Barangay 772,Santa Ana
Barangay 700,Malate
Barangay 523,Sampaloc
Barangay 545,Sampaloc
Barangay 771,Santa Ana
Barangay 17,Tondo I / II
Barangay 36,Tondo I / II
Barangay 802,Santa Ana
Barangay 35,Tondo I / II
Barangay 496,Sampaloc
Barangay 770,Santa Ana
Barangay 19,Tondo I / II
Barangay 557,Sampaloc
Barangay 653,Port Area
Barangay 540,Sampaloc
Barangay 524,Sampaloc
Barangay 590,Sampaloc
Barangay 555,Sampaloc
Barangay 593,Sampaloc
Barangay 34,Tondo I / II
Barangay 734,Malate
Barangay 195,Tondo I / II
Barangay 605,Sampaloc
Barangay 192,Tondo I / II
Barangay 773,Santa Ana
Barangay 108,Tondo I / II
Barangay 560,Sampaloc
Barangay 44,Tondo I / II
Barangay 551,Sampaloc
Barangay 556,Sampaloc
Barangay 585,Sampaloc
Barangay 39,Tondo I / II
Barangay 525,Sampaloc
Barangay 533,Sampaloc
Barangay 30,Tondo I / II
Barangay 120,Tondo I / II
Barangay 804,Santa Ana
Barangay 778,Santa Ana
Barangay 38,Tondo I / II
Barangay 534,Sampaloc
Barangay 570,Sampaloc
Barangay 553,Sampaloc
Barangay 580,Sampaloc
Barangay 577,Sampaloc
Barangay 581,Sampaloc
Barangay 189,Tondo I / II
Barangay 109,Tondo I / II
Barangay 532,Sampaloc
Barangay 70,Tondo I / II
Barangay 589,Sampaloc
Barangay 554,Sampaloc
Barangay 578,Sampaloc
Barangay 194,Tondo I / II
Barangay 541,Sampaloc
Barangay 591,Sampaloc
Barangay 603,Sampaloc
Barangay 535,Sampaloc
Barangay 587,Sampaloc
Barangay 552,Sampaloc
Barangay 546,Sampaloc
Barangay 573,Sampaloc
Barangay 547,Sampaloc
Barangay 539,Sampaloc
Barangay 193,Tondo I / II
Barangay 549,Sampaloc
Barangay 190,Tondo I / II
Barangay 191,Tondo I / II
Barangay 188,Tondo I / II
