Barangay_No,District
1,District I
2,District I
3,District I
4,District I
5,District I
6,District I
7,District I
8,District I
9,District I
10,District I
11,District I
12,District I
13,District I
14,District I
15,District I
16,District I
17,District I
18,District I
19,District I
20,District I
21,District I
22,District I
23,District I
24,District I
25,District I
26,District I
27,District I
28,District I
29,District I
30,District I
31,District I
32,District I
33,District I
34,District I
35,District I
36,District I
37,District I
38,District I
39,District I
40,District I
41,District I
42,District I
43,District I
44,District I
45,District I
46,District I
47,District I
48,District I
49,District I
50,District I
51,District I
52,District I
53,District I
54,District I
55,District I
56,District I
57,District I
58,District I
59,District I
60,District I
61,District I
62,District I
63,District I
64,District I
65,District I
66,District I
67,District I
68,District I
69,District I
70,District I
71,District I
72,District I
73,District I
74,District I
75,District I
76,District I
77,District I
78,District I
79,District I
80,District I
81,District I
82,District I
83,District I
84,District I
85,District I
86,District I
87,District I
88,District I
89,District I
90,District I
91,District I
92,District I
93,District I
94,District I
95,District I
96,District I
97,District I
98,District I
99,District I
100,District I
101,District I
102,District I
103,District I
104,District I
105,District I
106,District I
107,District I
108,District I
109,District I
110,District I
111,District I
112,District I
113,District I
114,District I
115,District I
116,District I
117,District I
118,District I
119,District I
120,District I
121,District I
122,District I
123,District I
124,District I
125,District I
126,District I
127,District I
128,District I
129,District I
130,District I
131,District I
132,District I
133,District I
134,District I
135,District I
136,District I
137,District I
138,District I
139,District I
140,District I
141,District I
142,District I
143,District I
144,District I
145,District I
146,District I
147,District II
148,District II
149,District II
150,District II
151,District II
152,District II
153,District II
154,District II
155,District II
156,District II
157,District II
158,District II
159,District II
160,District II
161,District II
162,District II
163,District II
164,District II
165,District II
166,District II
167,District II
168,District II
169,District II
170,District II
171,District II
172,District II
173,District II
174,District II
175,District II
176,District II
177,District II
178,District II
179,District II
180,District II
181,District II
182,District II
183,District II
184,District II
185,District II
186,District II
187,District II
188,District II
189,District II
190,District II
191,District II
192,District II
193,District II
194,District II
195,District II
196,District II
197,District II
198,District II
199,District II
200,District II
201,District II
202,District II
203,District II
204,District II
205,District II
206,District II
207,District II
208,District II
209,District II
210,District II
211,District II
212,District II
213,District II
214,District II
215,District II
216,District II
217,District II
218,District II
219,District II
220,District II
221,District II
222,District II
223,District II
224,District II
225,District II
226,District II
227,District II
228,District II
229,District II
230,District II
231,District II
232,District II
233,District II
234,District II
235,District II
236,District II
237,District II
238,District II
239,District II
240,District II
241,District II
242,District II
243,District II
244,District II
245,District II
246,District II
247,District II
248,District II
249,District II
250,District II
251,District II
252,District II
253,District II
254,District II
255,District II
256,District II
257,District II
258,District II
259,District II
260,District II
261,District II
262,District II
263,District II
264,District II
265,District II
266,District II
267,District II
268,District III
269,District III
270,District III
271,District III
272,District III
273,District III
274,District III
275,District III
276,District III
277,District III
278,District III
279,District III
280,District III
281,District III
282,District III
283,District III
284,District III
285,District III
286,District III
287,District III
288,District III
289,District III
290,District III
291,District III
292,District III
293,District III
294,District III
295,District III
296,District III
297,District III
298,District III
299,District III
300,District III
301,District III
302,District III
303,District III
304,District III
305,District III
306,District III
307,District III
308,District III
309,District III
310,District III
311,District III
312,District III
313,District III
314,District III
315,District III
316,District III
317,District III
318,District III
319,District III
320,District III
321,District III
322,District III
323,District III
324,District III
325,District III
326,District III
327,District III
328,District III
329,District III
330,District III
331,District III
332,District III
333,District III
334,District III
335,District III
336,District III
337,District III
338,District III
339,District III
340,District III
341,District III
342,District III
343,District III
344,District III
345,District III
346,District III
347,District III
348,District III
349,District III
350,District III
351,District III
352,District III
353,District III
354,District III
355,District III
356,District III
357,District III
358,District III
359,District III
360,District III
361,District III
362,District III
363,District III
364,District III
365,District III
366,District III
367,District III
368,District III
369,District III
370,District III
371,District III
372,District III
373,District III
374,District III
375,District III
376,District III
377,District III
378,District III
379,District III
380,District III
381,District III
382,District III
383,District III
384,District III
385,District III
386,District III
387,District III
388,District III
389,District III
390,District III
391,District III
392,District III
393,District III
394,District III
395,District IV
396,District IV
397,District IV
398,District IV
399,District IV
400,District IV
401,District IV
402,District IV
403,District IV
404,District IV
405,District IV
406,District IV
407,District IV
408,District IV
409,District IV
410,District IV
411,District IV
412,District IV
413,District IV
414,District IV
415,District IV
416,District IV
417,District IV
418,District IV
419,District IV
420,District IV
421,District IV
422,District IV
423,District IV
424,District IV
425,District IV
426,District IV
427,District IV
428,District IV
429,District IV
430,District IV
431,District IV
432,District IV
433,District IV
434,District IV
435,District IV
436,District IV
437,District IV
438,District IV
439,District IV
440,District IV
441,District IV
442,District IV
443,District IV
444,District IV
445,District IV
446,District IV
447,District IV
448,District IV
449,District IV
450,District IV
451,District IV
452,District IV
453,District IV
454,District IV
455,District IV
456,District IV
457,District IV
458,District IV
459,District IV
460,District IV
461,District IV
462,District IV
463,District IV
464,District IV
465,District IV
466,District IV
467,District IV
468,District IV
469,District IV
470,District IV
471,District IV
472,District IV
473,District IV
474,District IV
475,District IV
476,District IV
477,District IV
478,District IV
479,District IV
480,District IV
481,District IV
482,District IV
483,District IV
484,District IV
485,District IV
486,District IV
487,District IV
488,District IV
489,District IV
490,District IV
491,District IV
492,District IV
493,District IV
494,District IV
495,District IV
496,District IV
497,District IV
498,District IV
499,District IV
500,District IV
501,District IV
502,District IV
503,District IV
504,District IV
505,District IV
506,District IV
507,District IV
508,District IV
509,District IV
510,District IV
511,District IV
512,District IV
513,District IV
514,District IV
515,District IV
516,District IV
517,District IV
518,District IV
519,District IV
520,District IV
521,District IV
522,District IV
523,District IV
524,District IV
525,District IV
526,District IV
527,District IV
528,District IV
529,District IV
530,District IV
531,District IV
532,District IV
533,District IV
534,District IV
535,District IV
536,District IV
537,District IV
538,District IV
539,District IV
540,District IV
541,District IV
542,District IV
543,District IV
544,District IV
545,District IV
546,District IV
547,District IV
548,District IV
549,District IV
550,District IV
551,District IV
552,District IV
553,District IV
554,District IV
555,District IV
556,District IV
557,District IV
558,District IV
559,District IV
560,District IV
561,District IV
562,District IV
563,District IV
564,District IV
565,District IV
566,District IV
567,District IV
568,District IV
569,District IV
570,District IV
571,District IV
572,District IV
573,District IV
574,District IV
575,District IV
576,District IV
577,District IV
578,District IV
579,District IV
580,District IV
581,District IV
582,District IV
583,District IV
584,District IV
585,District IV
586,District IV
587,District VI
588,District VI
589,District VI
590,District VI
591,District VI
592,District VI
593,District VI
594,District VI
595,District VI
596,District VI
597,District VI
598,District VI
599,District VI
600,District VI
601,District VI
602,District VI
603,District VI
604,District VI
605,District VI
606,District VI
607,District VI
608,District VI
609,District VI
610,District VI
611,District VI
612,District VI
613,District VI
614,District VI
615,District VI
616,District VI
617,District VI
618,District VI
619,District VI
620,District VI
621,District VI
622,District VI
623,District VI
624,District VI
625,District VI
626,District VI
627,District VI
628,District VI
629,District VI
630,District VI
631,District VI
632,District VI
633,District VI
634,District VI
635,District VI
636,District VI
637,District VI
638,District VI
639,District VI
640,District VI
641,District VI
642,District VI
643,District VI
644,District VI
645,District VI
646,District VI
647,District VI
648,District VI
649,District V
650,District V
651,District V
652,District V
653,District V
654,District V
655,District V
656,District V
657,District V
658,District V
659,District V
660,District V
661,District V
662,District V
663,District V
664,District V
665,District V
666,District V
667,District V
668,District V
669,District V
670,District V
671,District V
672,District V
673,District V
674,District V
675,District V
676,District V
677,District V
678,District V
679,District V
680,District V
681,District V
682,District V
683,District V
684,District V
685,District V
686,District V
687,District V
688,District V
689,District V
690,District V
691,District V
692,District V
693,District V
694,District V
695,District V
696,District V
697,District V
698,District V
699,District V
700,District V
701,District V
702,District V
703,District V
704,District V
705,District V
706,District V
707,District V
708,District V
709,District V
710,District V
711,District V
712,District V
713,District V
714,District V
715,District V
716,District V
717,District V
718,District V
719,District V
720,District V
721,District V
722,District V
723,District V
724,District V
725,District V
726,District V
727,District V
728,District V
729,District V
730,District V
731,District V
732,District V
733,District V
734,District V
735,District V
736,District V
737,District V
738,District V
739,District V
740,District V
741,District V
742,District V
743,District V
744,District V
745,District V
746,District V
747,District V
748,District V
749,District V
750,District V
751,District V
752,District V
753,District V
754,District V
755,District V
756,District V
757,District V
758,District V
759,District V
760,District V
761,District V
762,District V
763,District V
764,District V
765,District V
766,District V
767,District V
768,District V
769,District V
770,District V
771,District V
772,District V
773,District V
774,District V
775,District V
776,District V
777,District V
778,District V
779,District V
780,District V
781,District V
782,District V
783,District V
784,District V
785,District V
786,District V
787,District V
788,District V
789,District V
790,District V
791,District V
792,District V
793,District V
794,District V
795,District V
796,District V
797,District V
798,District V
799,District V
800,District V
801,District V
802,District V
803,District V
804,District V
805,District V
806,District V
807,District V
808,District V
809,District V
810,District V
811,District V
812,District V
813,District V
814,District V
815,District V
816,District V
817,District V
818,District V
819,District V
820,District V
821,District V
822,District V
823,District V
824,District V
825,District V
826,District V
827,District V
828,District V
829,District VI
830,District VI
831,District VI
832,District VI
833,District VI
834,District VI
835,District VI
836,District VI
837,District VI
838,District VI
839,District VI
840,District VI
841,District VI
842,District VI
843,District VI
844,District VI
845,District VI
846,District VI
847,District VI
848,District VI
849,District VI
850,District VI
851,District VI
852,District VI
853,District VI
854,District VI
855,District VI
856,District VI
857,District VI
858,District VI
859,District VI
860,District VI
861,District VI
862,District VI
863,District VI
864,District VI
865,District VI
866,District VI
867,District VI
868,District VI
869,District VI
870,District VI
871,District VI
872,District VI
873,District VI
874,District VI
875,District VI
876,District VI
877,District VI
878,District VI
879,District VI
880,District VI
881,District VI
882,District VI
883,District VI
884,District VI
885,District VI
886,District VI
887,District VI
888,District VI
889,District VI
890,District VI
891,District VI
892,District VI
893,District VI
894,District VI
895,District VI
896,District VI
897,District VI
898,District VI
899,District VI
900,District VI
901,District VI
902,District VI
903,District VI
904,District VI
905,District VI
