Feature,Importance,Model
Affected_Population_25yr,0.3095133623526215,Random Forest
Affected_Population_5yr,0.16088770222783488,Random Forest
Population_2024,0.14508818762041722,Random Forest
Flood_PCT_25yr,0.13818234723517703,Random Forest
Flood_PCT_5yr,0.06672491770148027,Random Forest
Affected_Population_Increase_5to25,0.06053584108134945,Random Forest
Flood_Severity_Increase_5to25_Sqm,0.030525910871404757,Random Forest
Flood_Escalation_5to25,0.027790504637652223,Random Forest
Population_Density_per_Hectare,0.02516530395910953,Random Forest
Elevation_Mean,0.023438552722714737,Random Forest
Population_Change_2020_2024_Pct,0.012147369590238394,Random Forest
