Barangay,Barangay_No,Population_2024,Flood_PCT_5yr,Flood_PCT_25yr,Affected_Population_5yr,Affected_Population_25yr,Affected_Population_Increase_5to25,Population_Density_per_Hectare,Population_Change_2020_2024_Pct,Elevation_Mean,Elevation_Median,Elevation_Min,Elevation_Max,Hazard,Exposure,Vulnerability,DPI_Scaled,DPI_Risk_Class
Barangay 628,628,16279.0,49.36508606616621,85.6499466631475,8036.142360711197,13942.954817293781,5906.812456582584,884.8995436318215,7.084594132351006,1.408893119,2.0,0,3,0.5683512112603396,0.8452050559712375,0.3929551768095137,98.35986437166382,High
Barangay 649,649,69769.0,10.831891639556012,17.449150384418363,7557.302478001835,12174.097731704847,4616.795253703012,632.7951551046016,7.751351351351351,0.625217302,1.0,0,6,0.22066078763827396,0.7316070252608502,0.40073030344781585,78.7065024338904,High
Barangay 20,20,43691.0,17.329451294535033,23.628009847751304,7571.4105650953015,10323.313782581023,2751.903217485721,318.32169707250563,-4.54644760989251,1.223005928,1.0,0,3,0.27530605385670837,0.606676395994949,0.3468747626530711,67.54239858964867,High
Barangay 898,898,7812.0,71.4086975541667,91.80350234582042,5578.447452931502,7171.689603255491,1593.2421503239893,1306.7559117515061,2.843601895734597,1.844769874,2.0,1,3,0.49282208196701743,0.4177089085754635,0.4104152782652877,55.10671780710075,High
Barangay 101,101,13659.0,36.08287699593152,55.17350824105141,4928.560168874286,7536.149490645212,2607.5893217709254,1313.3986041912276,-11.062638364370361,1.901875902,2.0,0,4,0.32248925816252605,0.4499371695019964,0.4024189299266861,53.92091228493761,High
Barangay 830,830,5407.0,77.27219677951075,94.9907748505125,4178.107679868146,5136.15119616721,958.0435162990643,128.97562086859648,4.161047967636294,1.164180885,1.0,0,3,0.6173390549706457,0.29699404994969847,0.3372147245247288,45.95265658564356,High
Barangay 128,128,22298.0,23.812298450030266,30.910284802595907,5309.666308387749,6892.375305282835,1582.7089968950859,209.45954628507693,-5.92355075521053,9.141101108,5.0,0,30,0.29287200582755835,0.4020476727159876,0.048381522821380384,45.88967903350885,High
Barangay 183,183,8512.0,63.467875679826335,69.79582725958822,5402.385577866818,5941.020816336149,538.6352384693319,2067.2366230484436,1.0446343779677114,2.061930783,2.0,0,3,0.357378504049058,0.33682255142062756,0.46534472794988496,44.282085721624455,High
Barangay 630,630,6552.0,54.69110236450481,76.56510989992373,3583.361026922355,5016.546000643002,1433.1849737206471,256.76478135766075,40.60085836909872,2.352722288,3.0,0,7,0.4949255550303014,0.2959408215277974,0.32153024217515175,42.67574315443043,High
Barangay 275,275,20995.0,19.816408015511712,29.280518004210844,4160.454862856684,6147.444754984066,1986.9898921273825,778.5388359963333,5.987177545560099,1.365465214,1.0,0,6,0.19733890405670687,0.36537504480603683,0.38512117110818495,42.45740742137066,High
Barangay 116,116,6182.0,50.50083845298558,80.08577738213208,3121.961833163569,4950.902757763405,1828.9409245998363,1461.0963924549178,4.021537943799428,3.0,3.0,3,3,0.44029411270503416,0.2969536524514476,0.38176249880503454,41.85912271747477,High
Barangay 129,129,5207.0,54.608555399714895,85.12786720286304,2843.467479663155,4432.608045253079,1589.1405655899239,1104.021244980163,-8.90482855143457,2.463698993,3.0,0,3,0.46939199596231707,0.26529683611077093,0.36540184705388556,39.39086797908972,High
Barangay 829,829,4375.0,59.86618338458703,91.355492143078,2619.145523075683,3996.8027812596624,1377.6572581839796,259.03919092038296,3.5257927117841934,1.364618801,1.0,0,2,0.5699411272689563,0.23856230371918108,0.3405020971134536,39.121354838433405,High
Barangay 595,595,4229.0,55.92385077077231,95.06823094302726,2365.019649095961,4020.4354865806226,1655.4158374846616,868.6083320586318,0.7384468794664126,2.154358974,2.0,1,3,0.5325167643243521,0.24315049402456876,0.361454520030479,38.78836613605483,High
Barangay 105,105,26494.0,15.792012130472068,21.492867861397823,4183.93569384727,5694.32041119874,1510.3847173514696,522.6922177873777,6.099074926915222,2.04584824,2.0,0,3,0.1621428299774605,0.33455245636367176,0.33893734814488696,38.241596769171004,High
Barangay 601,601,7765.0,56.83468545149625,65.06071331624867,4413.213325308684,5051.964389006709,638.7510636980251,667.5490939212098,0.07732955277741978,3.909617862,3.0,1,11,0.3471914736397239,0.2885479774057907,0.28030340785347624,37.96032728527947,High
Barangay 905,905,7428.0,43.67219808814989,62.40764378331448,3243.9708739877738,4635.639780224599,1391.6689062368255,455.16953197526533,0.5822613405551794,1.774356618,2.0,1,3,0.37747259298083774,0.2742632911601812,0.3406159549857459,37.7802910009508,High
Barangay 91,91,4453.0,32.316606942952944,83.35207071973005,1439.0585071696946,3711.6677091495794,2272.609201979885,787.0955458597833,-2.1748681898066784,0.91158267,1.0,0,2,0.498448134508507,0.23324912902508443,0.3985911157442708,37.253510672962015,High
Barangay 719,719,8846.0,38.516524201391455,51.74991783284959,3407.1717308550883,4577.797731493874,1170.626000638786,177.67561998348086,32.22720478325859,2.343326303,2.0,0,4,0.38356078024168294,0.2684406155063425,0.31135360705427123,37.148713850821444,High
Barangay 739,739,4598.0,48.384163726261846,85.31936101653181,2224.70384813352,3922.984219540133,1698.280371406613,1777.4177537216328,1.5011037527593818,4.0,4.0,4,4,0.46559013036100805,0.23823487663492515,0.37061432014737833,36.70791907325285,High
Barangay 659-A,659,3547.0,80.6985670841739,94.25206079945193,2862.3781744756484,3343.1205965565596,480.7424220809112,99.80757712360287,36.056770233985425,0.871466742,1.0,0,3,0.5648204187736295,0.19162983896372884,0.36028632507745345,34.58541551606644,High
Barangay 776,776,4606.0,20.2710229516672,72.92576459753363,933.6833171537911,3358.960717362399,2425.277400208608,1463.1041129574585,0.3048780487804878,1.0,1.0,1,1,0.4254613253653794,0.21542881735459343,0.45313203382215866,34.10780367723451,High
Barangay 103,103,5071.0,27.441258581353534,70.4801103271446,1391.5462226604377,3574.0463946895024,2182.5001720290647,1539.0084704974172,6.26571668063705,3.0,3.0,3,3,0.40324547848208836,0.2245318217667678,0.38933129098364777,33.96026748272151,High
Barangay 831,831,3678.0,73.46847955698786,91.7998305809401,2702.1706781060134,3376.3977687669767,674.2270906609633,212.3959374936526,9.791044776119403,1.337660464,1.0,0,3,0.5262670776347769,0.19576127727752243,0.34049414446028137,33.87573762688017,High
Barangay 704,704,5339.0,36.45882930391358,68.70562743476923,1946.5368965359462,3668.1934487423287,1721.6565522063825,1489.0678358884552,0.7548594074353652,1.638268156,2.0,1,2,0.38328586072430487,0.22433743064714798,0.4322410287643801,33.763170518930295,High
Barangay 686,686,3306.0,52.4671699432374,94.631854286515,1734.5646383234284,3128.5291027121857,1393.9644643887573,765.954538906838,1.723076923076923,2.916087963,3.0,2,3,0.5306123391186935,0.1904560379037017,0.3255393531041329,33.35765787780202,High
Barangay 736,736,3825.0,50.31141050598272,85.45270651454902,1924.4114518538393,3268.5660241815003,1344.154572327661,2622.2807310053,0.49921177088807145,3.052810903,3.0,3,4,0.457327385039309,0.19765866194607526,0.47543951121188055,33.34531876803774,High
Barangay 777,777,3100.0,27.6388321930808,92.10147804350152,856.8037979855047,2855.145819348547,1998.342021363042,1105.463768085186,2.9558286283626702,0.980357143,1.0,0,1,0.5310483838086965,0.18237192109608302,0.42513168887575,33.32726992715316,High
Barangay 464,464,3138.0,50.15217204625458,95.85626085310314,1573.7751588114686,3007.9694655703765,1434.194306758908,1302.107990129403,6.2288422477995935,2.0,2.0,2,2,0.5260969484269389,0.18422394596009553,0.405940597337606,33.24011158451456,High
Barangay 384,384,3830.0,86.22921572590066,92.18281368808977,3302.578962301995,3530.601764253838,228.02280195184312,659.3829933883777,9.085730561093705,1.068787618,1.0,0,2,0.4706029229312454,0.19908014031457313,0.3874027754656455,33.15770935536768,High
Barangay 155,155,3292.0,89.61871124763213,96.12809390536,2950.2479742720498,3164.536851364451,214.28887709240144,1821.056888549747,1.0746085354620816,1.0,1.0,1,1,0.48661256593051433,0.17855560442632057,0.4834663870657952,32.282382385659034,High
Barangay 844,844,4285.0,58.07021370932194,78.73879534696052,2488.308657444445,3373.957380617258,885.6487231728129,1285.5436098314105,22.428571428571427,1.0,1.0,1,1,0.4182515340076265,0.19811729711912737,0.44855612078907053,32.21313675271952,High
Barangay 93,93,4586.0,50.98188273904103,74.58883568157229,2338.0291424124216,3420.6440043569055,1082.614861944484,1045.5370292789214,15.808080808080808,1.472633979,2.0,0,3,0.4054042853127009,0.20303567937016678,0.4081420182933848,32.0679835532222,High
Barangay 125,125,3749.0,30.655719257296223,79.37236635730268,1149.2829149560353,2975.6700147352776,1826.3870997792424,2433.109714855228,-16.873614190687363,1.972624799,2.0,1,2,0.4392499511028346,0.18704955897488793,0.4909038605349511,31.979404344241143,High
Barangay 112,112,5840.0,45.09207950291827,63.5129209257406,2633.3774429704267,3709.154582063251,1075.7771390928242,2127.8471891843105,4.416234578937958,3.642661805,4.0,3,4,0.3375272627341203,0.2190037367828812,0.41434730366064665,31.96891629985941,High
Barangay 99,99,3682.0,82.63591009082275,87.37611180418217,3042.6542095440936,3217.188436629988,174.53422708589414,2846.117281606625,-41.64817749603804,1.301158301,2.0,0,3,0.44079710677011147,0.18101585396739753,0.5384487993279548,31.787275122143182,High
Barangay 702,702,3572.0,68.12100993067166,88.03358204476324,2433.282474723592,3144.5595506389427,711.2770759153509,821.8535719266117,6.882106523040096,1.865362486,2.0,1,2,0.4674068537004398,0.18330174290496296,0.3709359648874882,31.423351377999364,High
Barangay 41,41,3957.0,72.1136325849631,81.48600801307933,2853.5364413869897,3224.4013370775488,370.864895690559,1873.3863883241636,3.4509803921568625,2.0,2.0,2,2,0.4165352054845189,0.1837309874093336,0.45248897394691534,30.803149617103255,High
Barangay 353,353,3010.0,56.24184682738272,90.90067471240798,1692.87958950422,2736.11030884348,1043.2307193392603,613.3018774259892,34.85663082437276,2.0,2.0,2,2,0.5053680337260575,0.16449373987432026,0.36157739016766155,30.475981256140994,High
Barangay 832,832,2990.0,80.15804202812294,95.12914447519935,2396.7254566408756,2844.3614198084606,447.63596316758503,327.63867339369597,3.5318559556786706,0.94119256,1.0,0,1,0.5088229118904902,0.1634957518429591,0.3616900591568011,30.46624238581122,High
Barangay 705,705,2696.0,54.905798586506414,96.0662511458834,1480.260329892213,2589.9461308930163,1109.6858010008034,1178.333282567945,0.4845322400298174,2.0,2.0,2,2,0.5216019568865689,0.15714645851470968,0.3929025811899914,30.40210521153635,High
Barangay 343,343,3037.0,33.40358245754915,85.22995002150603,1014.4667992357676,2588.433582153138,1573.9667829173704,730.5851448048172,37.483023992756905,2.0,2.0,2,2,0.4953032146941287,0.16253423445609363,0.3726210985112755,30.11681747983637,High
Barangay 731,731,2933.0,77.5873221515479,96.19391423278806,2275.6361587049,2821.3675044476736,545.7313457427736,808.4671933997323,0.5829903978052127,3.087465565,3.0,3,4,0.5040499677986305,0.16337282625804692,0.3223197143871121,30.041198828602887,High
Barangay 209,209,4704.0,41.76990888154655,67.57007066804466,1964.8565137879496,3178.4961242248214,1213.6396104368719,749.5557526848967,-7.310344827586207,2.076800637,2.0,2,3,0.3819766393108109,0.19111022704503292,0.35056792223801486,29.895433408777965,High
Barangay 281,281,3436.0,35.498283343828675,76.74133725294553,1219.7210156939532,2636.8323480112085,1417.1113323172553,369.9461808880089,50.17482517482518,0.910483871,1.0,0,1,0.47628978755096535,0.16337779323406318,0.3880546951980494,29.83900176364379,High
Barangay 82,82,2662.0,41.86634359310519,92.89217918109468,1114.4820664484603,2472.7898098007404,1358.30774335228,1182.5636887217108,0.757002271006813,2.677383592,3.0,2,3,0.5152889635208533,0.15355974201040892,0.36868260292681626,29.715461120817515,High
Barangay 670,670,2904.0,36.94814449602137,83.25394324626204,1072.9741161644606,2417.69451187145,1344.7203957069892,204.57454667482074,4.686373467916366,3.657444934,4.0,3,4,0.560542740398096,0.1503348819209691,0.252872350052163,29.668246343143245,High
Barangay 351,351,3415.0,42.87413394495492,80.62039457456055,1464.1516742202105,2753.1864747212426,1289.0348005010321,669.6292561655982,0.4116436342252279,2.0,2.0,2,2,0.4597835791984247,0.16834060848631324,0.35026801529413615,29.626383044223264,High
Barangay 254,254,3513.0,25.03382458904128,75.20024422351294,879.4382578130202,2641.7845795720095,1762.3463217589892,724.0814588325874,-5.386479935362241,1.009803922,1.0,1,2,0.4491242717366838,0.16772212837522907,0.3882381389474001,29.583545612770866,High
Barangay 738,738,3548.0,59.02175981793377,83.00386734825737,2094.0920383402904,2944.9772135161716,850.8851751758812,1079.7038541187294,16.44240236297998,4.0,4.0,4,4,0.443313302246416,0.17384519643910154,0.3191371482680191,29.51693633791015,High
Barangay 660-A,660,3099.0,59.15397067853184,85.96505357017473,1833.1815513277018,2664.0570101397147,830.875458812013,267.2464352135614,26.129426129426133,2.437957777,2.0,2,3,0.5009929137566699,0.157982942060785,0.3125666613291627,29.36884093549142,High
Barangay 676,676,2564.0,32.9358786664722,83.8740207949533,844.4759290083473,2150.5298931826023,1306.053964174255,173.72693564450668,79.17540181691125,3.0,3.0,3,3,0.5831692535418153,0.13501790968426505,0.3089209727346445,29.164983045944858,High
Barangay 177,177,3440.0,74.12575694031578,84.38715738754675,2549.926038746863,2902.9182141316082,352.9921753847452,250.73661566199976,3.990326481257558,1.379046926,1.0,0,3,0.4530405248679759,0.1656375724286831,0.3394968204315317,29.115169154959208,High
Barangay 163,163,3850.0,26.888639066594138,70.36102703955471,1035.2126040638743,2708.8995410228563,1673.686936958982,848.92162282709,0.26041666666666663,1.037589829,1.0,1,2,0.41272934973548503,0.17041053510467397,0.4003068335529005,29.025542438530827,High
Barangay 210,210,3106.0,41.73578393625259,81.80374478927502,1296.3134490600055,2540.824313154882,1244.5108640948765,855.6370611713479,-3.300124533001245,2.800136893,3.0,2,3,0.45873627984541643,0.15600303409919503,0.33494070056628994,28.288202213571793,High
Barangay 599,599,4577.0,56.53937336046472,68.93530842882578,2587.80711870847,3155.169066787356,567.3619480788857,1272.4854318220462,7.139513108614231,4.251214434,4.0,2,9,0.3599848882063176,0.18219575443031308,0.3217923209016663,28.266000595627116,High
Barangay 67,67,3641.0,23.3834608501272,70.6764032573807,851.3918095531313,2573.327842601231,1721.9360330481,1813.7335923384737,-10.825373499877541,3.0,3.0,3,3,0.398447479412737,0.16343789768169323,0.404385658241366,28.02243140492788,High
Barangay 102,102,4616.0,18.855609646495548,59.41577869219225,870.3749412822344,2742.632344431594,1872.2574031493596,1931.4069494750015,11.04161655039692,2.280041797,2.0,2,3,0.33848177488060044,0.17462725837324902,0.45066774087506606,27.956271001950313,High
Barangay 71,71,3486.0,21.73430256796638,72.18638335314,757.657787519308,2516.4173236904608,1758.7595361711528,874.9967106200731,2.019315188762072,3.0,3.0,3,3,0.4267034465816023,0.16070619550112583,0.33174887739936354,27.920807450647516,High
Barangay 868,868,3002.0,71.60177065887399,85.14534480602596,2149.485155179397,2556.063251076899,406.57809589750195,1624.3118397663193,5.333333333333334,0.944669366,1.0,0,1,0.43824956455382813,0.14697502305014729,0.47098940197962874,27.915732646622548,High
Barangay 753,753,2531.0,81.89085879747998,96.40601136719287,2072.6576361642183,2440.0361477036517,367.3785115394335,1037.0456164668674,6.34453781512605,4.0,4.0,4,4,0.496977170879808,0.1400589195190565,0.3108665042230061,27.515965339379484,High
Barangay 754,754,2595.0,85.63233732372973,94.24785291795786,2222.1591535507864,2445.7317832210065,223.57262967022007,1963.0744871840354,0.42569659442724456,4.0,4.0,4,4,0.4784008887961902,0.1386808798202314,0.3856615025324725,27.47654365312162,High
Barangay 11,11,2790.0,36.868181641458925,81.2203678537833,1028.622267796704,2266.048263120554,1237.4259953238502,2088.096121825046,1.160261058738216,2.138317757,2.0,2,3,0.44308154411059436,0.1406348828445734,0.4643598968248293,27.371499557616236,High
Barangay 596,596,2467.0,85.29969455259018,95.91535072666989,2104.3434646123997,2366.2317024269464,261.88823781454676,1108.062505508854,3.873684210526316,2.225225225,2.0,2,3,0.4901048626403199,0.13471019974205975,0.38038183816478316,27.344035730408116,High
Barangay 282,282,2503.0,33.49139357502921,79.92327204744862,838.289581182981,2000.4794993476391,1162.1899181646581,224.86477846813418,1.8307567127746134,0.671088129,1.0,0,1,0.5190351248048264,0.12497567965170471,0.3621413825558973,26.98555376056289,High
Barangay 697,697,3568.0,45.834223658708325,71.35035304524827,1635.365100142713,2545.7805966544583,910.4154965117455,416.5432383577176,81.39298423995933,2.049620549,2.0,2,3,0.41076121564626933,0.15234115761649322,0.3649429532833656,26.95840623937847,High
Barangay 783,783,2341.0,69.41196745288852,92.40730385891057,1624.9341580721202,2163.2549833370963,538.3208252649761,862.2690839235307,9.137529137529137,1.0,1.0,1,1,0.4868356557739272,0.12667742099478088,0.4069256298819089,26.680784911140325,High
Barangay 354,354,2200.0,54.26459250790256,92.83770244910836,1193.8210351738564,2042.429453880384,848.6084187065276,528.4489550114038,21.54696132596685,2.0,2.0,2,2,0.5157000955215818,0.12361337936255694,0.34827883998464654,26.666532508066705,High
Barangay 95,95,4994.0,29.31593074295486,56.49370536238969,1464.0375813031658,2821.295645797741,1357.2580644945754,1497.6626029682552,-9.904383907631246,2.975262369,3.0,2,3,0.31476635277625686,0.17293330309455715,0.3792473496645162,26.666341052798636,High
Barangay 884,884,2341.0,85.12971940994547,96.4120121175419,1992.8867313868234,2257.005203671656,264.1184722848327,278.3598249637147,5.640794223826714,2.220172568,2.0,1,4,0.5056292101604689,0.12866066826594105,0.3119060774719487,26.63340719352265,High
Barangay 85,85,4051.0,40.75110861292615,66.01064212242366,1650.8274099096384,2674.091112379382,1023.2637024697437,1594.8339445563138,0.4712301587301587,3.0,3.0,3,3,0.3565103978806024,0.16080854269580988,0.3913102756369436,26.622107288271252,High
Barangay 55,55,2427.0,81.22100251635796,93.25413663998496,1971.2337310720075,2263.277896252435,292.0441651804274,665.1025572675554,-2.608346709470305,1.063742289,1.0,0,2,0.4812423735608747,0.12933871813152545,0.38262475768026,26.618006791333578,High
Barangay 133,133,2317.0,81.4084959118143,95.56266463263368,1886.2348502767372,2214.1869395381227,327.9520892613855,306.83539053188326,9.55082742316785,1.84938762,2.0,0,3,0.5052251563217552,0.12703119491087844,0.32963076361033944,26.59745481833717,High
Barangay 713,713,2091.0,43.93771652215383,85.14210246740342,918.7376524782366,1780.3213625934054,861.5837101151689,3982.3688310282882,6.4663951120162935,2.0,2.0,2,2,0.4541352041018544,0.1091863186466114,0.630505532599027,25.83514457309226,High
Barangay 709,709,5339.0,26.370699020229853,51.34246026585084,1407.931620690072,2741.1739535937763,1333.2423329037044,1217.2037539383855,28.526721232546944,2.196805476,2.0,2,3,0.29104914103098933,0.1681934220005393,0.40202851019681257,25.783901587084546,High
Barangay 838,838,3238.0,64.20654414417906,76.71675296433997,2079.007899388518,2484.0884609853283,405.0805615968102,649.1528422263139,9.06028965981812,1.975987994,2.0,0,7,0.40212151217912423,0.14295371477000918,0.35345286229755724,25.74559839725102,High
Barangay 336,336,1986.0,40.12476592806839,91.62855486732016,796.8778513314383,1819.7430996649784,1022.8652483335402,607.9463789403319,-6.935332708528586,2.0,2.0,2,2,0.5187298206989115,0.1132800146295009,0.3416841037611735,25.689921648391767,High
Barangay 122,122,3830.0,35.162695482024,64.80546591908607,1346.731236961519,2482.0493447009962,1135.3181077394772,1648.6156700479964,0.15690376569037656,3.0,3.0,3,3,0.3539345708098767,0.15144670506315552,0.39566789671066643,25.68154708674855,High
Barangay 481,481,1943.0,70.4920625407,96.2685154533162,1369.6607751658012,1870.4972552579336,500.83648009213243,1035.7534964517358,93.52589641434263,2.0,2.0,2,2,0.5053033298546706,0.10995074217468949,0.4242523668812104,25.647750061225196,High
Barangay 158,158,2037.0,74.63586841040302,95.4783335572484,1520.3326395199094,1944.89365456115,424.5610150412406,844.1458379717616,5.325749741468459,1.0,1.0,1,1,0.49875269319903603,0.11319013918649884,0.40363439641610954,25.64466793910718,High
Barangay 216,216,2237.0,81.49525739431377,94.13695559831598,1823.048907910799,2105.843696734328,282.7947888235292,704.072211456478,-7.9802550390785685,1.97007874,2.0,1,2,0.48535519322865317,0.12047229631219329,0.3503389283727209,25.619064111034884,High
Barangay 696,696,4121.0,23.04914948223658,57.8820943618108,949.8554501629695,2385.321108650223,1435.4656584872532,493.7294028357072,70.2892561983471,2.338922156,2.0,2,3,0.36178658005977254,0.14960358749514946,0.3556910134276819,25.4003380774154,High
Barangay 87,87,1639.0,22.260328245521155,95.23640397882134,364.84677994409174,1560.9246612128818,1196.07788126879,790.7472425130761,0.3674219228413962,1.895054282,2.0,1,2,0.546566072891391,0.10092446543046314,0.3642171643374735,25.354060336149715,High
Barangay 869,869,2078.0,85.98857075373758,95.59005376324124,1786.842500262667,1986.361317200153,199.518816937486,833.0789342553193,3.383084577114428,1.0,1.0,1,1,0.4879291067980588,0.11284451558348141,0.40180373972515165,25.32710562352553,High
Barangay 117,117,4262.0,24.33645729443204,57.3017466664357,1037.2198098886936,2442.2004429234894,1404.9806330347958,2030.0021122791468,2.451923076923077,3.0,3.0,3,3,0.31845980438694055,0.15240825889675877,0.4286743473815487,25.135199641866446,High
Barangay 86,86,1662.0,30.600276759671324,94.15805144671508,508.5765997457374,1564.9068150444045,1056.330215298667,800.6770806042952,17.45583038869258,1.559854897,2.0,1,2,0.5321245989896434,0.09949894109437103,0.38522270883594095,25.011775512400035,High
Barangay 83,83,1658.0,34.95396219048016,95.05764300101124,579.5366931181611,1576.0557209567664,996.5190278386053,1181.9313125448043,12.559402579769177,2.470692718,2.0,2,3,0.5261118943264975,0.09941418703218323,0.3816580717143552,24.826756028969225,High
Barangay 687,687,2106.0,45.63506737774429,86.83836875701337,961.0745189752948,1828.8160460227016,867.7415270474067,612.2692607939871,46.86192468619247,3.0,3.0,3,3,0.48392617718374353,0.1119564511604807,0.3306113534336161,24.60947588009657,High
Barangay 669,669,3738.0,28.57136925286408,56.632326340115966,1067.9977826720594,2116.916358593535,1048.9185759214754,152.22106422134226,27.66393442622951,2.971995927,3.0,2,4,0.4221826391465028,0.1301175876541323,0.2841741236085558,24.48352033848633,High
Barangay 424,424,2079.0,81.76256053294871,93.39904031880806,1699.8436334800037,1941.7660482280196,241.92241474801585,627.0332507245676,9.421052631578947,2.716654107,3.0,2,3,0.4807848313540329,0.11086362537287713,0.32475970529125964,24.38125049549188,High
Barangay 694,694,1478.0,36.5261072153863,94.34806977914452,539.8558646434094,1394.4644713357561,854.6086066923467,206.74928664724922,15.378610460577674,3.0,3.0,3,3,0.5795917597147527,0.0876404951660902,0.28200326293573147,24.2757743787536,High
Barangay 203,203,2014.0,83.74034335278544,93.86992420253353,1686.5305151250989,1890.5402734390252,204.00975831392634,332.1998376405372,-18.1965881397238,2.02183766,2.0,2,3,0.48629129620317074,0.10756731808845577,0.31255621525398364,24.10771947363207,High
Barangay 338,338,1426.0,28.93051928959341,96.1622735145302,412.549205069602,1371.2740203172007,958.7248152475986,497.5089061618534,3.483309143686502,2.0,2.0,2,2,0.5551225879281537,0.08757759723922143,0.3372832280863148,24.07114579485097,High
Barangay 513,513,1929.0,81.0440160467316,95.1170432660184,1563.3390695414525,1834.807764601495,271.46869506004236,556.1584816964499,-5.115592720118052,3.0,3.0,3,3,0.4926438793640502,0.10526220614660298,0.3017285485737346,23.96180788605863,High
Barangay 674,674,1629.0,52.24846041191709,87.72184229582231,851.1274201101294,1428.9888109989456,577.8613908888162,92.115990357717,16.523605150214593,2.912305516,3.0,2,3,0.5710941966993662,0.08629925946210798,0.2761340176641995,23.88951914849071,High
Barangay 149,149,1569.0,23.43145358301806,89.51658063934266,367.6395067175534,1404.5151502312865,1036.8756435137332,730.060426190258,0.9652509652509652,1.0,1.0,1,1,0.5122168693585328,0.09034773159120191,0.3920516499266918,23.67719987071879,High
Barangay 147,147,2023.0,73.75382008114728,88.00935760066483,1492.0397802416096,1780.4293042614495,288.3895240198399,155.51836963922702,-11.076923076923077,1.055373967,1.0,0,3,0.48145892650089606,0.1024367833627623,0.33631532554587595,23.666357456194778,High
Barangay 234,234,2013.0,66.3002996545653,88.31969983800577,1334.6250320463994,1777.8755577390561,443.25052569265677,487.45834453297135,3.496143958868895,1.677555959,2.0,1,2,0.4708727408856783,0.10411988649027724,0.34820556132036334,23.654077554746287,High
Barangay 602,602,2027.0,61.31008859381887,84.21837330456582,1242.7554957967084,1707.1064268835491,464.3509310868408,149.80707263648733,1.35,1.976155268,2.0,1,5,0.4897646547740162,0.10043197833500735,0.3080423902947018,23.46815475873681,High
Barangay 763,763,1984.0,56.874594518176266,85.45482028083518,1128.391955240617,1695.4236343717698,567.0316791311527,681.5978897150522,11.523327712197865,0.874350087,1.0,0,2,0.45908963167555783,0.1009922856419555,0.39748751410326494,23.42405186700898,High
Barangay 806,806,1604.0,63.76803783757386,96.18972887541617,1022.8393269146846,1542.8832511616754,520.0439242469907,556.8589137445695,0.06238303181534623,2.623036649,3.0,2,4,0.5168657994872674,0.09195331033586157,0.31794248879144105,23.39595672318315,High
Barangay 249,249,1750.0,67.05216767446105,92.09006169922638,1173.4129343030684,1611.5760797364617,438.1631454333933,1185.6456620654635,8.695652173913043,2.0,2.0,2,2,0.48194758477814104,0.09480937840847532,0.397335382559922,23.393679474532625,High
Barangay 790,790,1825.0,44.93512982055238,84.59969560017919,820.066119225081,1543.9444447032702,723.8783254781891,347.90999984709754,4.824813325674899,0.24400767,0.0,0,1,0.48358673178109396,0.09441468719924834,0.3894123149466124,23.337164153636145,High
Barangay 732,732,1983.0,80.61544574014505,91.80609790751826,1598.6042890270764,1820.5149215060874,221.91063247901093,855.1846237348335,0.4559270516717325,4.0,4.0,4,4,0.4703123185217895,0.10388307429995151,0.2928969999219604,23.204220952892854,High
Barangay 80,80,2566.0,44.6896214377137,72.61854871572851,1146.7356860917334,1863.3919600455934,716.6562739538599,2195.650124901253,0.509204857030944,3.0,3.0,3,3,0.3855491669993289,0.11209910836385785,0.4416423905388001,22.994935415231115,High
Barangay 156,156,1627.0,53.01266339344893,89.91592311825562,862.5160334114141,1462.932069134019,600.4160357226049,375.05846648485175,0.7430340557275541,1.0,1.0,1,1,0.5000063384700051,0.08845320599598451,0.3622191532508668,22.965613345314758,High
