Feature,Permutation_Importance_Mean,Permutation_Importance_Std,Model
Affected_Population_25yr,0.42850069366179555,0.035839312607239854,Gradient Boosting
Flood_PCT_25yr,0.15072594213698548,0.021186111521396444,Gradient Boosting
Population_2024,0.025782035110753054,0.010743520921362968,Gradient Boosting
Elevation_Mean,0.013420794959829056,0.007769365173364175,Gradient Boosting
Affected_Population_Increase_5to25,0.01008142508132435,0.010178844588820101,Gradient Boosting
Population_Change_2020_2024_Pct,0.008902858992121643,0.003693123931723975,Gradient Boosting
Affected_Population_5yr,0.006596854976586867,0.010695545428327225,Gradient Boosting
Flood_Severity_Increase_5to25_Sqm,0.0053351388403500176,0.007879390616404473,Gradient Boosting
Flood_Escalation_5to25,0.001793491870417304,0.005044483185959794,Gradient Boosting
Population_Density_per_Hectare,0.0017633767462174525,0.006402968763985747,Gradient Boosting
Flood_PCT_5yr,0.0017106876843464125,0.004532030289808993,Gradient Boosting
