barangay,brgy_area_sqm,flood_area_5yr_sqm,flood_pct_5yr,flood_area_25yr_sqm,flood_pct_25yr
Barangay 1,49547.4905221462,8264.845529826996,16.680654141571235,21069.565046189735,42.52398017367254
Barangay 10,6057.586255228475,5544.134717213636,91.52382621755216,5999.129221980217,99.0349781119864
Barangay 100,29349.500167627426,8985.70692044154,30.61621788827872,14348.687691315523,48.88903596096728
Barangay 101,103997.36954502873,37525.242931938265,36.08287699593267,57378.99725640564,55.17350824105384
Barangay 102,23899.67583607758,4506.429582428609,18.855609646495548,14200.178502915553,59.41577869219372
Barangay 103,32949.78615914324,9041.836021933532,27.441258581353534,23223.045637522377,70.4801103271446
Barangay 104,38937.84097004627,4601.98572323511,11.818800448579779,10317.009077338214,26.496099476277546
Barangay 105,506875.7310401991,80045.87693228635,15.792012130471896,108942.13109396349,21.492867861397677
Barangay 106,74642.56003865766,24856.788366912573,33.301093041341495,41851.64708004127,56.06941543586682
Barangay 107,157325.8228039403,22874.95853796083,14.53986264318963,32646.90160128072,20.75113990788743
Barangay 108,32049.211174995933,195.94147094099895,0.6113768912161808,2133.6760669920614,6.657499478978463
Barangay 109,26787.33503916342,80.86410133177827,0.3018743791181689,434.8756599165819,1.623437565852625
Barangay 11,13361.453866220842,4926.125081338036,36.868181641458925,10852.221980756896,81.22036785377415
Barangay 110,178172.87162647865,57507.54945736338,32.27626570330085,75327.42596442444,42.27771897976744
Barangay 111,14528.537544348814,1590.8407994677186,10.949765553563996,5220.771535196101,35.93459781660427
Barangay 112,27445.579878500143,12375.782698850275,45.09207950291846,17431.48944584198,63.512920925737724
Barangay 116,42310.69238089811,21367.254407617347,50.50083845298633,33884.84690900581,80.08577738213452
Barangay 117,20995.052045610526,5109.451875023786,24.336457294432037,12030.53153566207,57.301746666435704
Barangay 118,141955.9136313497,10291.52627343567,7.24980454154386,20294.239241655134,14.296156266062967
Barangay 119,18636.1581505413,3753.7701365541934,20.142403312053684,7033.634215829445,37.74186803423938
Barangay 12,20566.104260820157,3337.611325767159,16.228699822968117,7607.444650650229,36.990207548169124
Barangay 120,16996.94356550251,0.0,0.0,400.00000002008164,2.3533642885767607
Barangay 121,28003.339590202282,2182.3142216942915,7.793049877728986,4177.875394493476,14.919204122194115
Barangay 122,23231.612252530005,8168.861071921702,35.162695482024,15055.354560767546,64.80546591908603
Barangay 123,98787.31996444454,6340.766748242467,6.4186038760082065,8802.667797820448,8.910726397870393
Barangay 124,30715.56182005786,15995.003150509894,52.0745908676977,30415.561820031893,99.0232963935888
Barangay 125,15408.265303905822,4723.514553985701,30.6557192573024,12229.904786317913,79.37236635728078
Barangay 126,136570.36503288065,60274.73689708662,44.13456527159087,111882.51119259022,81.92297879972233
Barangay 127,45215.569144902365,22599.67135583782,49.982056586333435,44078.55098105209,97.48533926399008
Barangay 128,1064549.236139954,253493.64125716203,23.812298450030145,329055.20075471886,30.91028480259589
Barangay 129,47163.94746636927,25755.55038086599,54.60855539971765,40149.66256679817,85.12786720286147
Barangay 13,12419.706000889702,8241.271193490029,66.3564112781708,12299.262540478536,99.03022293440328
Barangay 130,33233.301126325816,30272.124819112694,91.08973166416075,32454.432209893504,97.65636006645356
Barangay 131,25719.1399280338,24534.01199008345,95.3920389979349,25719.13992803425,100.00000000000173
Barangay 132,42084.65974068399,37662.65875602499,89.49260606618576,41735.415997374126,99.17014003329997
Barangay 133,75512.80170072953,61473.83608543847,81.40849591181912,72162.04544397566,95.56266463263606
Barangay 134,33839.733354730386,33839.733354731135,100.00000000000222,33839.73335473037,99.99999999999996
Barangay 135,32412.559003831942,30311.82901665559,93.51877774621869,32012.559003715338,98.76591046060474
Barangay 136,28726.774619473475,25023.844832357314,87.10983103335938,28726.77461946813,99.9999999999814
Barangay 137,30180.53166450219,30080.53166453321,99.66866057536488,30180.53166449784,99.9999999999856
Barangay 138,25694.313094065543,21296.435770608274,82.88384940528721,25694.313094065135,99.99999999999841
Barangay 139,7163.013212032518,7163.013212031425,99.99999999998474,7163.013212032518,100.0
Barangay 14,14470.697042811978,9151.68386136173,63.24286822041956,14070.697042993032,97.23579314365068
Barangay 140,32470.73934812001,31470.739348382558,96.92030418828345,32470.739348120016,100.00000000000003
Barangay 141,6964.051060083986,5602.908598636625,80.45473174013537,6964.051060085799,100.00000000002602
Barangay 142,16766.421302310162,7025.4845491581655,41.90211150300845,16707.713144426172,99.64984681688811
Barangay 143,10294.622887607902,8476.13036389089,82.33551103745614,10294.622887607558,99.99999999999666
Barangay 144,31321.174735792527,28101.62239267022,89.72084422030589,31321.17473579299,100.00000000000146
Barangay 145,17633.45297367868,17327.722728489593,98.26619184770307,17633.45297367785,99.9999999999953
Barangay 146,37439.83878939948,20704.675698843374,55.30118816832509,37267.615802466855,99.54000072515967
Barangay 147,130081.0961877349,95939.77764188906,73.75382008114953,114483.53711472968,88.00935760066582
Barangay 148,104792.20088812402,70872.37924470776,67.63134913100164,89587.80857523337,85.49091231596249
Barangay 149,21491.37172367578,5035.740789786958,23.431453583018055,19238.341099526497,89.51658063934909
Barangay 15,6985.179037679551,729.5933623922025,10.444877052637015,2522.2124877168894,36.10805784807427
Barangay 150,47675.96781819596,12798.257269977592,26.84425268257066,27290.711275730224,57.24207084751508
Barangay 151,52452.97354301263,31390.79834496247,59.84560306999812,43105.5356802601,82.17939378577381
Barangay 152,25177.077633826735,24508.699532876934,97.34529117846544,25177.07763382813,100.00000000000553
Barangay 153,20940.92375452956,18533.756556360368,88.50496173718928,20691.14424178446,98.80721826948503
Barangay 154,24219.238995162686,17304.925977728453,71.45115493176631,22996.99878907389,94.95343265602641
Barangay 155,18077.414388858997,16200.745802189273,89.61871124763117,17377.47387938419,96.12809390536417
Barangay 156,43379.903278778875,22996.842105580225,53.012663393443084,39005.44048091947,89.91592311825333
Barangay 157,18031.153594448944,11663.760045719699,64.68671005781069,15900.724062748719,88.18472972047614
Barangay 158,24130.901419763228,18010.30782989749,74.6358684103986,23039.78254792777,95.47833355722953
Barangay 159,13711.23330341226,3292.397491664253,24.012409524421752,8967.065586097051,65.39940928483401
Barangay 16,10593.90741533321,4014.8760751790705,37.89797208693834,6822.840738351799,64.40343936248381
Barangay 160,14943.093048399975,11601.997916533055,77.64120774028999,13054.986544097943,87.36468749684859
Barangay 161,30063.308985376774,13815.07735232688,45.95328265111046,22429.095015609397,74.6062086063754
Barangay 162,23446.46766249722,20660.27711705824,88.1168004257822,21904.371674270573,93.42290697931766
Barangay 163,45351.654339757304,12194.442646146717,26.888639066594138,31909.889772881415,70.36102703955336
Barangay 164,26613.361445754243,6638.582036378848,24.944545430347855,16275.837844612637,61.156640726454334
Barangay 165,22703.252551587615,19282.086514951683,84.93094313749907,21350.960295146273,94.04361884549984
Barangay 166,33590.150872628066,28114.38439680855,83.69829746647072,33590.150872628525,100.00000000000135
Barangay 167,28767.113255129327,18699.254162731268,65.00219190188328,26911.375784050488,93.54910082697315
Barangay 168,30099.75805121969,29899.758051136236,99.33554283146356,30099.7580512197,100.00000000000003
Barangay 169,27424.258915965307,27424.25891596139,99.99999999998572,27424.25891596531,100.00000000000003
Barangay 17,9083.652321570571,1789.351093227422,19.698586316192713,2663.0274721748156,29.31670409545547
Barangay 170,19400.056627413916,19400.056627414597,100.00000000000351,19400.056627413913,99.99999999999997
Barangay 171,27048.240575300777,27048.240575300122,99.99999999999758,27048.24057530078,100.00000000000003
Barangay 172,45274.9571093465,45274.957109348245,100.00000000000387,45274.95710934871,100.00000000000489
Barangay 173,30457.955673690984,14229.711586805395,46.719194614551085,20424.24985159952,67.05719211891036
Barangay 174,25600.759390259827,13260.02086111518,51.79542004586061,22315.577065185258,87.16763719780725
Barangay 175,36800.853366133495,36005.48683797142,97.83872803098087,36800.85336613291,99.99999999999842
Barangay 176,44296.579748201904,44296.579748203054,100.0000000000026,44296.579748204684,100.00000000000628
Barangay 177,137195.75782410734,101697.39397712555,74.12575694031833,115775.60008406927,84.38715738754846
Barangay 178,22836.098089464635,22712.870304571006,99.46038160980541,22836.098089464685,100.00000000000023
Barangay 179,32292.58303187344,4628.450400450802,14.332859021783506,11113.809257530203,34.415981052245485
Barangay 18,23254.75889479212,4419.857837233192,19.00625096664844,6956.854378125607,29.915831033120654
Barangay 180,35218.183254043885,12907.808470946951,36.65097764367169,19235.110742257315,54.61698749054202
Barangay 181,18478.770931462237,2022.948127052284,10.947417090429871,9548.068669531538,51.670474756926886
Barangay 182,52708.31583141249,12980.382170269486,24.6268202000368,14780.382169912813,28.041841096171343
Barangay 183,41175.74110818435,26133.368176791773,63.46787567983163,28738.949136726467,69.79582725959517
Barangay 184,45059.85737715362,34268.00831347945,76.04997065715106,43750.731439142284,97.09469577976274
Barangay 185,34307.67771909733,1160.5017544895366,3.382629870757893,9475.97306072302,27.620561025173178
Barangay 186,46218.827589428,15055.281798932954,32.57391540233848,34303.004532966865,74.21868169761464
Barangay 187,11007.71986614989,5937.412056297617,53.9386187920343,6655.035434954254,60.457892423473794
Barangay 188,13971.383923794783,0.0,0.0,0.0,0.0
Barangay 189,24231.381599060715,1918.2843342462124,7.91652892924839,2627.9004791519596,10.845029485457921
Barangay 19,18784.178994947804,1124.5499920944874,5.986686947547437,3271.2600550321267,17.4149748887719
Barangay 190,15567.254954659405,132.56675229437008,0.8515743634987604,137.74081343270933,0.8848111875464748
Barangay 191,10480.285034597526,166.58964307562664,1.589552598289844,305.86569889159466,2.9184864522469622
Barangay 192,34078.49826185175,6281.8906886825525,18.433590120121707,7676.515008188645,22.525977961833814
Barangay 193,11325.535319622206,174.41821683423012,1.540043908847642,274.41821693494944,2.423004380724526
Barangay 194,16996.97253876985,1422.8452168132437,8.371168533500624,1522.845216748842,8.959508602342293
Barangay 195,10564.470362836,2146.488282024316,20.317992367845477,2346.488282309826,22.211130342741747
Barangay 196,20158.046590897517,10511.252726781497,52.144202958276296,12479.174382659774,61.90666504508834
Barangay 197,14540.094879264909,10048.305299930858,69.10756348818862,11502.811010178968,79.11097627418306
Barangay 198,43310.44115129361,34284.86554696902,79.16073961750672,42510.44115136686,98.15287035028767
Barangay 199,35797.29836637045,35520.35658280703,99.226361216623,35797.29836636992,99.99999999999851
Barangay 2,37885.968608624346,5076.6480090767955,13.399810524894828,16510.818939361205,43.58030042711562
Barangay 20,1372542.31809553,237854.05251075776,17.32945129449939,324304.43408416584,23.628009847751304
Barangay 200,15201.717297433668,14980.872164651635,98.54723562831079,15110.843235384173,99.40221186678141
Barangay 201,52254.558649249295,45595.32144366123,87.25616027055712,48196.35234834777,92.23377556752203
Barangay 202,32693.32741449316,32116.852783678107,98.23672083447983,32639.91100013267,99.8366137111611
Barangay 202-A,19509.656006210684,11901.593793142914,61.00360656976306,12810.285720075815,65.66125879409562
Barangay 203,60626.158468484406,50768.55326311452,83.74034335278853,56909.72900127157,93.86992420252923
Barangay 204,51658.44156297033,48054.53432450197,93.02358505322836,50374.871030253424,97.51527437940175
Barangay 205,46420.66338839728,42972.776085432306,92.57251609242024,45320.66338824002,97.63036561766972
Barangay 206,41468.85937303222,17761.695817400545,42.83140671322931,24203.54817696352,58.3655990130836
Barangay 207,49573.15188656466,20265.969945063996,40.880938923224875,25112.022908112252,50.656498432003325
Barangay 208,30034.31653771272,8835.270645522001,29.417252210244094,12496.043012130061,41.60588437709029
Barangay 209,62757.17294077655,26213.613954002012,41.76990888155461,42405.06610535004,67.57007066804516
Barangay 210,36300.43789533796,15150.272327911785,41.73578393625253,29695.11757329026,81.80374478927149
Barangay 211,31201.746501331243,4097.712640271151,13.132959208217141,11319.968467181328,36.2799193522656
Barangay 212,29140.310321943267,6848.678982381121,23.502422955406626,12349.196683387427,42.37839798874146
Barangay 213,31877.40952802858,29087.286833541875,91.24733554013083,31640.23412359773,99.25597654281691
Barangay 214,15968.281948698861,15468.281948618354,96.86879276250976,15968.281948699167,100.0000000000019
Barangay 215,17807.55858502445,16177.126529860554,90.84415728647366,17807.558585021718,99.99999999998465
Barangay 216,31772.309197836865,25892.925160895764,81.49525739431812,29909.48460213084,94.13695559832695
Barangay 217,28037.51959888959,27146.00427508754,96.8202774833286,27911.23273143434,99.54957903102009
Barangay 218,22509.645629960607,16004.562978205195,71.1009104332719,22177.422219422297,98.52408422593683
Barangay 219,36886.776026492094,32128.24171247949,87.09961990010994,36486.77602661677,98.91560054045372
Barangay 220,53597.29662310177,39926.56365231276,74.49361473038067,48860.66689742869,91.16255851674528
Barangay 221,25073.155308215377,21138.285498832825,84.30644344115211,25073.09581763195,99.99976273196295
Barangay 222,17339.25502335236,5249.214259210599,30.273585872870555,9489.985366336588,54.73121742286826
Barangay 223,18880.347455341704,15078.252252024873,79.86215448465633,18880.347455337833,99.9999999999795
Barangay 224,37855.22520355479,32855.225203924754,86.79178376896695,37755.22520348921,99.73583567518654
Barangay 225,15659.480833135018,11050.54133852402,70.56773756599509,15359.480833164305,98.0842276754417
Barangay 226,24461.273819921098,17355.376937695226,70.95042173789463,23361.2738198925,95.50309600339469
Barangay 227,46387.35166295341,44184.53818154204,95.25126267734181,46387.3516629514,99.99999999999567
Barangay 228,15176.955077078144,14579.768558344815,96.06517568444764,15176.955077080594,100.00000000001614
Barangay 229,18801.208095440343,7838.306505842809,41.690440667713,14894.951597594907,79.22337501922135
Barangay 230,10918.050742948339,1101.3940563117978,10.087826868025477,5526.871527297069,50.621412717528536
Barangay 231,24298.732280459575,17502.683287120853,72.03126107610177,23325.79754621698,95.9959444673375
Barangay 232,37408.55000308982,6855.053401920809,18.324830557064107,17110.312897507876,45.73904333660252
Barangay 233,21361.12844612899,10904.113112239245,51.04652190888942,17163.047661594836,80.34710200296126
Barangay 234,41295.8363022513,27379.263213249345,66.30029965456039,36472.358667738605,88.31969983799617
Barangay 235,24268.065924229515,17906.750383865307,73.78729907762036,22056.415002980983,90.8865793913952
Barangay 236,28623.277244090412,21461.237324205737,74.97826730737705,28208.57035854853,98.55115512453243
Barangay 237,22232.773700941892,9055.160456928728,40.72888330863147,18654.879450560016,83.90711704032547
Barangay 238,16558.981202868432,15869.413335742596,95.83568663628662,16558.981202868432,100.0
Barangay 239,22655.27067944348,8681.40864656013,38.31959798404574,22655.27067943863,99.99999999997858
Barangay 240,13508.93070794296,10243.691396110245,75.82903204979189,13508.930707942956,99.99999999999997
Barangay 241,86329.17437717624,18431.81431775755,21.350620402354462,63507.63705975827,73.56451340805185
Barangay 242,23838.292178347998,20772.6919189247,87.14001726093556,23838.292178347994,99.99999999999999
Barangay 243,14843.792263644933,6388.675656801878,43.039376618392,14843.792263647387,100.00000000001651
Barangay 244,13238.876529082792,10747.165308575753,81.17883179110163,13238.876529082794,100.00000000000003
Barangay 245,10047.074635318211,4975.708395789026,49.523951761023575,9894.945225164196,98.48583378071824
Barangay 246,18581.84967928659,10579.718081561186,56.935764007145764,18511.84967931797,99.62328830995413
Barangay 247,14110.448651101557,6321.7681760348005,44.80203523182291,14110.448651101557,100.0
Barangay 248,8639.426521710833,5804.392554284785,67.18492876463938,8437.769532599646,97.66585214187047
Barangay 249,14759.89037864313,9896.826445255947,67.05216767447129,13592.39215643025,92.09006169922377
Barangay 25,22004.219504083187,5591.178495208884,25.409574259933933,12702.564950215878,57.72785964009649
Barangay 250,35091.83318875691,32812.02043215537,93.50329535553598,35091.833188757584,100.00000000000193
Barangay 251,9615.931004686634,3024.1278862856184,31.449142935943613,8645.79379382662,89.91114630099585
Barangay 252,8881.93743015527,8377.531756780025,94.32099497050355,8881.937430154987,99.9999999999968
Barangay 253,23746.600665610127,11822.680279022477,49.78683242079405,19383.089908071124,81.6246930708771
Barangay 254,48516.64073354252,12145.570737730384,25.03382458904128,36484.632320671124,75.2002442235187
Barangay 255,22534.75484750994,5181.527111745396,22.993492260324935,11076.687247503913,49.153795204157156
Barangay 256,21409.965091782637,4946.797238197013,23.105115851382887,7553.135964347394,35.27860009097523
Barangay 257,11517.423402899636,7986.039931749992,69.33877181018995,11460.787827455471,99.50826175731365
Barangay 258,21976.220377241705,9388.982816055792,42.723373969160335,13875.461538359843,63.138525643513724
Barangay 259,67605.40643691423,59153.82618741186,87.49866217077043,67605.40643691225,99.99999999999707
Barangay 26,19616.637413638004,4401.821645196067,22.439226215884506,8511.918694317912,43.39132398093978
Barangay 260,39570.361952294435,39564.23453597072,99.98451513703336,39570.36195229386,99.99999999999855
Barangay 261,15450.942330358364,9668.583262314905,62.57601028849776,15450.942330358239,99.99999999999919
Barangay 262,44795.94789126891,38951.10890419106,86.95230425469565,44795.94789126905,100.00000000000031
Barangay 263,15118.287780034445,15118.287780036215,100.0000000000117,15118.287780034441,99.99999999999997
Barangay 264,25867.897368334052,20061.086480979768,77.55205688088651,25767.89736837156,99.61342045494233
Barangay 265,14799.196492412535,6139.277643101886,41.48385789897079,14799.196492408764,99.99999999997452
Barangay 266,27203.904670673648,25984.152215747923,95.51625963371117,27203.90467067402,100.00000000000135
Barangay 267,13004.436302366257,12284.496300184093,94.4638892033239,13004.436302366003,99.99999999999804
Barangay 268,43751.508814060944,42048.94851362802,96.10856780352738,43751.50881405924,99.9999999999961
Barangay 269,42187.59914671229,39238.475225442184,93.00950046715344,42187.599146718196,100.00000000001401
Barangay 270,37066.278024828054,12957.16271904859,34.95674076142609,37048.41807812172,99.95181618533599
Barangay 271,61411.34021817036,33300.19542405824,54.22483096078955,61411.340218169025,99.99999999999784
Barangay 272,19704.603459747395,3163.4746478095494,16.054495358264386,15707.779432619014,79.71629302110493
Barangay 273,20416.098155768865,5347.020712133329,26.190218480226353,13715.848786664988,67.18153822545851
Barangay 274,12106.971612360212,100.00000000058208,0.8259703846872027,6114.800679533088,50.50644269530116
Barangay 275,269671.8394674775,53439.2720118105,19.81640801551149,78961.3115063779,29.280518003772006
Barangay 276,20811.333337316933,3295.5100759555066,15.83517030139682,20096.877213660155,96.56698534362677
Barangay 28,22585.773518059108,9168.22454880374,40.59291811047792,12833.931636320234,56.8230777044607
Barangay 281,92878.37468013098,32970.22860910186,35.49828334383528,71276.10674833164,76.74133725294332
Barangay 282,111311.34084454685,37279.71925588208,33.49139357502261,88963.66576285106,79.9232720474496
Barangay 283,50364.598060501,23500.114198235635,46.65998559147812,32918.75398251641,65.36089882614057
Barangay 284,53255.575409580844,10097.022918827959,18.959560273592448,17464.98941970257,32.794668511948075
Barangay 285,54907.65245305477,13869.738401183942,25.260119093677087,24567.655371427492,44.743590872752165
Barangay 286,45969.34886729423,16186.87819830092,35.21232864322205,23876.073932619707,51.93911708766185
Barangay 287,127750.68758081387,105112.57720111965,82.27946102804843,127695.1041814198,99.95649072388835
Barangay 288,37195.223072269444,32205.047197908665,86.58382592661164,36650.80647155389,98.53632656091949
Barangay 289,44510.85913949485,42823.717552830414,96.20959554751119,44510.85913949486,100.00000000000003
Barangay 29,72932.47204782291,8214.861348498875,11.263654059487065,13183.511725282593,18.07632643610101
Barangay 290,57549.525879198976,57048.27878438603,99.12901611758696,57549.52587920058,100.00000000000277
Barangay 291,106409.84299973481,97788.9634073881,91.89841902842748,106409.84299973476,99.99999999999994
Barangay 292,53607.78839995793,49954.933482793494,93.1859622898241,53607.788399956786,99.99999999999787
Barangay 293,127396.05916308633,112213.85320482022,88.08267221293667,127396.05916308652,100.00000000000016
Barangay 294,50693.6150085747,47488.12059103283,93.67672947174971,50693.615008576395,100.00000000000335
Barangay 295,25878.994447232984,25585.522212229178,98.86598285106403,25878.994447235338,100.00000000000911
Barangay 296,35034.773772679924,34941.61090627153,99.73408457833102,35034.773772676024,99.99999999998886
Barangay 297,32735.431416426563,31235.43141638548,95.41780897596973,32735.431416426083,99.99999999999854
Barangay 298,34516.16647146725,31650.454046929284,91.69747768221333,34516.166471467775,100.0000000000015
Barangay 299,32163.520951059563,30103.424391470064,93.59492835773742,32163.520951059407,99.99999999999952
Barangay 3,38940.5616643151,27962.087093551338,71.80709753135284,37710.27579040527,96.84060573004714
Barangay 30,11794.249774279502,1597.801563721443,13.547292912228077,1922.789678819586,16.30277224595277
Barangay 300,12909.890517581345,10803.36275237592,83.68283788048669,11809.890517468502,91.47940101726806
Barangay 301,17677.97361518692,13561.919462632173,76.7164820914842,17677.973615187155,100.00000000000134
Barangay 302,10311.12280214426,8820.483827422642,85.54338840371845,10311.12280214402,99.99999999999767
Barangay 303,65014.69623203946,48702.53534384334,74.91004060070125,65014.69623203676,99.99999999999585
Barangay 304,27933.238286337677,22618.282734950095,80.97264808002171,27433.238286224394,98.21001777528302
Barangay 305,37413.37608528855,31720.069212401504,84.78269680900105,37413.376085288335,99.99999999999942
Barangay 306,101297.52267291333,95801.18882683585,94.57406884092813,101238.10437936574,99.94134279696114
Barangay 307,72489.86814904973,63859.23438219473,88.0940137053234,72489.86814904964,99.99999999999987
Barangay 308,40037.08250227186,32918.220781113334,82.21932949096734,39837.0825022744,99.50046310196026
Barangay 309,60631.181470314514,52031.18147016651,85.81587923639815,60131.18147046704,99.17534181633542
Barangay 31,17506.60214142014,1613.966254962306,9.219186235709936,3377.2531097928486,19.29131125795314
Barangay 310,86520.68909354566,37446.69554342774,43.28062563503233,85620.6890937382,98.95978637105584
Barangay 311,45778.56443644829,37253.61841763488,81.37786511272522,45778.56443644575,99.99999999999444
Barangay 312,36270.11596536346,24908.105753051797,68.67390712739397,36170.11596532961,99.72429092829661
Barangay 313,54360.43277085621,40918.343865103685,75.27229232626875,54260.43277084235,99.81604267126535
Barangay 314,52814.50352338998,45786.60964408585,86.69325012931026,50914.50352328753,96.40250334027849
Barangay 315,68072.46582835661,63685.242341288395,93.55506894941853,68072.4658283566,99.99999999999997
Barangay 316,19348.085821318422,19348.085821317338,99.99999999999439,19348.08582131842,99.99999999999997
Barangay 317,24806.02059418766,21866.110408533394,88.14840060907181,24806.020594187663,100.00000000000003
Barangay 318,12686.845444905846,11814.631700678343,93.12505423026396,12686.845444905844,99.99999999999999
Barangay 319,17054.639202198225,14407.595817753509,84.47904201864598,17054.639202198225,100.0
Barangay 32,16070.570231304695,3431.427943272597,21.352247579792415,6912.032917141289,43.010501915339525
Barangay 320,24299.36933732314,16358.91613215187,67.32238975035882,24299.369337323147,100.00000000000003
Barangay 321,13005.25975136049,12005.25975146879,92.31080332872943,13005.25975136049,100.0
Barangay 322,15196.719016340343,13168.932760536332,86.65642068117714,14996.719016285628,98.68392644596729
Barangay 323,23787.260350167915,20229.99311768721,85.04549418421952,23687.260350189164,99.57960690509681
Barangay 324,12466.906664568882,4979.90274841441,39.94497498378937,12066.906664712655,96.79150561868701
Barangay 325,9857.436806787313,3829.735483651382,38.85123038287628,9757.436806789057,98.98553749865887
Barangay 326,12262.543487259465,7914.309102715459,64.54051813099187,12262.543487259465,100.0
Barangay 327,30533.255752468165,5917.915502149246,19.38186857675952,27644.19568617776,90.53798884170135
Barangay 328,11520.112833682042,11169.119299181091,96.95321096617448,11520.112833682171,100.00000000000111
Barangay 329,16297.347200879984,15537.300000917645,95.33637474495666,16297.347200879985,100.00000000000003
Barangay 33,23880.55956218546,1634.7502981419645,6.8455276095396425,5835.2039807117935,24.43495499138873
Barangay 330,27297.373486378576,26794.865918288197,98.15913582916271,27297.37348637655,99.99999999999257
Barangay 331,138382.64922620554,45387.5293700803,32.79856949109865,116852.81691040337,84.44181229641826
Barangay 332,12479.561829548818,11162.550309956545,89.4466525541475,12479.561829548818,100.0
Barangay 333,16532.436328157855,12545.059929529918,75.88149550688615,16532.43632815785,99.99999999999997
Barangay 334,30364.29297170313,10153.684582791268,33.43955544182641,29431.948396392145,96.92947049292454
Barangay 335,28794.980457571513,22755.58186948632,79.02621049879143,28794.980457571513,100.0
Barangay 336,32667.35470094674,13107.699608646724,40.12476592806839,29932.62502586015,91.62855486732346
Barangay 337,28851.733819924022,11347.017369940875,39.32871917078693,27466.413776451995,95.19848598313571
Barangay 338,28662.8034661973,8292.297885726457,28.930519289593406,27562.803466095414,96.16227351452505
Barangay 339,27489.42634521432,9797.858110017232,35.64227927849414,27489.4263452127,99.99999999999412
Barangay 34,11563.645893573814,689.8254029968609,5.9654663360127005,1588.4887831430678,13.736919979760259
Barangay 340,28622.202881454014,14496.31003341553,50.64708014772871,28522.202881510184,99.65062088212426
Barangay 341,33208.56173300765,11248.15504443441,33.87125023621335,32608.56173310589,98.1932370190384
Barangay 342,57158.0360820556,32942.86497939735,57.63470412472683,56858.036082079634,99.47513941951173
Barangay 343,41569.41900059251,13885.67515299042,33.40358245755732,35429.595038432766,85.22995002149962
Barangay 344,34990.96167766068,14112.350217293948,40.33141571614396,27253.715715049246,77.88787277729743
Barangay 345,29544.067886475324,13741.622107313444,46.512288558624924,26733.491673423934,90.48683402755782
Barangay 346,29448.616630938923,18382.636264451685,62.42274975028457,26588.99323603433,90.28944744419589
Barangay 347,29638.60558302441,16162.635183543096,54.53237379291652,25693.47055734405,86.68920164064686
Barangay 348,22692.653243125977,18755.51147830811,82.65014794596354,21692.653243011584,95.5932874424135
Barangay 349,13958.054994122245,12848.070938728812,92.04771684979856,13221.908513054243,94.72600959533406
Barangay 35,15319.708553146847,1557.130231499685,10.164228817393736,2841.9282875490026,18.55079865057379
Barangay 350,155563.53150970422,9723.614030147357,6.250574241779017,22615.227067814645,14.537614856348183
Barangay 351,50998.369150637525,21865.109099388043,42.87413394495716,41115.08643583418,80.62039457455906
Barangay 352,35704.2170534145,10920.498133624236,30.58601766084625,27727.34002003818,77.65844571961152
Barangay 353,49078.60404133908,27602.713309949875,56.24184682738738,44612.782213007406,90.90067471240604
Barangay 354,41631.267866780516,22591.03786378183,54.26459250790256,38649.51258794698,92.837702449094
Barangay 355,45357.4501097347,42827.53177199022,94.42226507084554,44560.123187978,98.2421257812604
Barangay 356,20785.555089855072,20652.800670699376,99.36131405400623,20785.555089856396,100.00000000000637
Barangay 357,20634.752077629735,15985.321321504145,77.46795920477248,20534.752077636105,99.51538065678027
Barangay 358,20239.936530386116,10350.628995792627,51.139631689325114,17740.50574346823,87.65099493683934
Barangay 359,19217.537823435996,18250.292242549567,94.9668600120726,18917.53782355169,98.43892592984284
Barangay 36,11737.514043886178,0.0,0.0,1895.3048373011611,16.147412733349487
Barangay 360,31447.595908604282,24803.621224191455,78.87286931655404,29747.595908771153,94.59418136517075
Barangay 361,20551.743658145366,15261.660652487524,74.25968767588633,20551.74365814648,100.00000000000541
Barangay 362,17222.96480822057,14956.121696589995,86.83825266513577,16922.96480818789,98.25813962129511
Barangay 363,23829.543205610433,16286.251041944683,68.34478907724191,23829.54320562035,100.00000000004161
Barangay 364,22424.1097791372,21713.486552302944,96.83098578345614,22324.109779191003,99.55405141639453
Barangay 365,19236.37407583265,11927.431231108314,62.00457104903765,18336.374075659507,95.32136359677136
Barangay 366,22403.28297736365,18652.73677525109,83.25894376327734,22370.323232794697,99.8528798453233
Barangay 367,31133.971120940332,26428.789242194158,84.88730570068036,30233.971120736278,97.1092669267663
Barangay 368,26173.276213268255,26173.276213268822,100.00000000000217,26173.27621326825,99.99999999999999
Barangay 369,22415.225788016367,22315.225788078304,99.5538746703523,22415.225788016367,100.0
Barangay 37,9995.890521297011,5769.272731597094,57.71644576643988,7364.786141074323,73.67813928517005
Barangay 370,20060.156352453825,17605.3071532299,87.76256198559669,19460.15635244279,97.00899639330258
Barangay 371,24873.72431423136,24873.724314230833,99.99999999999788,24873.724314231356,99.99999999999999
Barangay 372,544472.9352608747,156036.49925012316,28.658265479322857,202443.17644714052,37.18149486165798
Barangay 373,19632.61004023856,1181.4772962292925,6.017932887210427,3312.5942127517806,16.872918098828233
Barangay 374,26577.48250120183,2740.098096613004,10.309848182532328,4978.56998218196,18.7322858060647
Barangay 375,17373.97872549675,892.3358202950058,5.136047616919667,2626.1287711778737,15.115298646728306
Barangay 376,43447.21972929773,5024.115129680127,11.56372067299906,13727.895302142128,31.596717552182074
Barangay 377,15180.6714732023,11274.021319574618,74.26563007753708,13461.406256103175,88.6746431464902
Barangay 378,24617.44359703278,7659.837924351059,31.115488877465424,14540.844452312234,59.06723984152802
Barangay 379,9463.090643781348,8966.223858295252,94.74942379620329,9463.0906437788,99.99999999997307
Barangay 38,13942.730749929575,0.0,0.0,175.21898394903764,1.2567049245351216
Barangay 380,14549.991805607684,13549.991805333328,93.12714389372407,14549.991805607664,99.99999999999987
Barangay 381,29787.28349506362,29287.28349523403,98.32143135874593,29787.283495061973,99.99999999999447
Barangay 382,33156.8793058607,27196.110917066915,82.02252891833467,31561.792757391206,95.18927419629763
Barangay 383,20496.604525315208,19087.382265087464,93.12460628058065,20496.604525312825,99.99999999998838
Barangay 384,58084.603916135944,50085.89841438068,86.22921572590216,53544.02220947733,92.1828136880912
Barangay 385,74356.46348765372,69346.1768498674,93.26180078666836,74356.46348765142,99.9999999999969
Barangay 386,73997.70974776396,72089.3345731201,97.42103481155168,73597.70974784749,99.45944272967373
Barangay 387,36236.454366254104,34604.5742740517,95.49657900933563,36136.45436622377,99.72403481030567
Barangay 388,25231.09287663005,23408.665747032137,92.77705829664671,25208.957116965357,99.91226793158376
Barangay 389,41049.43788259075,40370.96696529435,98.34718585127291,41049.437882588114,99.99999999999358
Barangay 39,103810.59998729399,6866.508867192186,6.614458319316737,8721.404515894186,8.401265879362658
Barangay 390,65533.27638633324,54684.35860073453,83.4451771926648,63733.2763862703,97.25330381857984
Barangay 391,63790.458946779625,62567.23349659332,98.0824319649325,63790.458946779116,99.9999999999992
Barangay 392,29635.145281194276,26535.14528105339,89.53944726531147,29635.14528119427,99.99999999999997
Barangay 393,93251.12478137296,80227.44277784674,86.03375344366064,91473.26054099716,98.09346617046819
Barangay 394,26636.71430715943,26124.280722681033,98.07621323497597,26636.714307158167,99.99999999999525
Barangay 395,97270.12040059923,87799.01179661536,90.26308534935717,97068.73599472335,99.79296375387786
Barangay 396,45091.80229524715,40591.802295277375,90.02035897677105,45091.80229524715,100.0
Barangay 397,41208.70735533412,36708.70735538148,89.0799777795744,41108.707355223814,99.75733283927588
Barangay 398,20182.78923511468,18178.85415605698,90.07106968361346,20182.789235115157,100.00000000000236
Barangay 399,15692.065971729504,13203.652718372228,84.14222029246915,15692.065971730164,100.00000000000422
Barangay 4,40193.68735214498,9028.71212973036,22.463010299672177,26647.361860069694,66.29738054786264
Barangay 400,21405.47947454036,18593.892727981252,86.8651073670029,21405.4794745397,99.99999999999693
Barangay 401,36900.362463587444,26911.954539236824,72.93140972746002,36700.362463497215,99.45799990369312
Barangay 402,29522.008660449337,25360.038092539467,85.90214298837442,29522.008660449348,100.00000000000004
Barangay 403,22846.547652639034,21108.51822052688,92.39259489644864,22846.54765263903,99.99999999999999
Barangay 404,70634.45903223092,56134.45903268473,79.47177596004556,69134.4590320403,97.87639061622009
Barangay 405,16247.941534460737,13232.06600868125,81.43841471005402,16247.941534460735,99.99999999999999
Barangay 406,9585.225895311345,9091.335934117446,94.84738318545536,9585.225895311343,99.99999999999997
Barangay 407,28986.234260105208,21298.83931448249,73.47915263279593,28986.234260109683,100.00000000001543
Barangay 408,24622.604519639477,18509.48773926759,75.1727451273648,24622.60451963685,99.99999999998933
Barangay 409,29415.90580333068,29412.596595015104,99.988750275658,29415.90580333103,100.00000000000118
Barangay 41,21122.177595940215,15231.969545479331,72.11363258496127,17211.619328364108,81.48600801307657
Barangay 410,43844.58268237779,38861.94415701995,88.63568034971745,43844.582682373795,99.99999999999089
Barangay 411,31538.38349461864,28438.383494502727,90.17070738376664,31538.383494618633,99.99999999999997
Barangay 412,34625.388580060884,34504.24470927928,99.65012993138981,34625.388580060375,99.99999999999854
Barangay 413,17206.286317655336,16567.80012596071,96.2892272050624,17206.286317661004,100.00000000003295
Barangay 414,16300.604640869098,15256.383839400803,93.59397504280173,16300.604640863427,99.99999999996521
Barangay 415,23617.937408575486,12015.614728693477,50.874953730424835,19717.937409094884,83.4871270424125
Barangay 416,28514.610564851424,22938.92355606662,80.44621021176532,28514.610564852504,100.0000000000038
Barangay 417,23981.491685979254,21856.088015543643,91.13731665124807,23981.491685979257,100.00000000000003
Barangay 418,37173.841962289356,35497.43733581585,95.4903648964395,37173.841962288745,99.99999999999835
Barangay 419,21947.90958154107,21564.751744535035,98.25423995126951,21947.909581540727,99.99999999999845
Barangay 42,17600.87702431348,9309.142942683608,52.890222060094814,12946.527415385923,73.55614948903889
Barangay 420,38180.857711192686,36828.845208341576,96.45892579711543,37880.85771115875,99.21426594891295
Barangay 421,29674.664534270225,27680.58699200816,93.28020190435792,29674.664534271105,100.00000000000297
Barangay 422,28016.218612916764,23585.898205496072,84.18658681732977,28016.21861291634,99.99999999999848
Barangay 423,28622.035249073928,28012.844980896618,97.87160394823069,28622.03524907565,100.00000000000601
Barangay 424,33156.13641856494,27109.30610961314,81.76256053293943,30967.51322173293,93.3990403188034
Barangay 425,48720.81467542035,32589.54167522101,66.89038738849831,43152.18414087997,88.5703254930387
Barangay 426,31297.33589721379,7699.086483607763,24.599814210682275,25328.85960200023,80.92976247302602
Barangay 427,19222.956230138614,11156.09173311409,58.03525534549712,19222.956230138472,99.99999999999926
Barangay 428,28552.150587408534,9059.81785830176,31.730772190229096,17339.968424055452,60.73086638770516
Barangay 429,22949.372873175605,22784.134189245204,99.27998605956007,22949.37287317493,99.99999999999704
Barangay 43,12922.987678959606,5105.14421991087,39.50436498691973,6995.192580999514,54.12984021016012
Barangay 430,12513.370401982675,11613.370401935214,92.80769312235127,12513.370401982676,100.00000000000003
Barangay 431,14301.73978057281,13301.739780611457,93.00784369381596,14301.73978057281,100.0
Barangay 432,56157.08095796342,52002.75024833363,92.60230297094762,56157.080957966784,100.000000000006
Barangay 433,12352.144865751046,11939.232475219864,96.6571603958753,12352.144865751043,99.99999999999997
Barangay 434,20242.566998531816,16207.805682342754,80.06793646042173,20242.566998531776,99.9999999999998
Barangay 435,25651.13457469745,25459.353850866853,99.25234993691167,25651.134574697455,100.00000000000003
Barangay 436,20853.18766365963,20665.05837923108,99.0978392010714,20853.187663659635,100.00000000000003
Barangay 437,17798.35923713883,16598.35923685939,93.2578054848142,17798.35923713883,100.0
Barangay 438,12682.022952610947,12382.022952750645,97.63444679936856,12682.022952610947,100.0
Barangay 439,17907.458138041657,15201.9779741639,84.89188056159473,17907.458138041253,99.99999999999774
Barangay 44,52155.509108583516,6896.3956892647,13.222755960270597,8515.15888451596,16.326480232007885
Barangay 440,12476.320572817276,11076.32057287456,88.77874296535022,12476.320572817274,99.99999999999999
Barangay 441,12779.059241612398,12079.059241576488,94.52228848148302,12779.059241612398,100.0
Barangay 442,16263.948976999985,14030.211543853355,86.26571298086634,16263.948977000915,100.00000000000571
Barangay 443,16085.793921151324,14131.690200910363,87.85199083228652,16085.79392114799,99.99999999997927
Barangay 444,16174.835178700105,13295.413869188884,82.19814126265102,16166.556564587761,99.94881793835374
Barangay 445,12782.791879772845,12782.791879771321,99.99999999998808,12782.791879772843,99.99999999999999
Barangay 446,14107.570908765527,12592.052798289627,89.2574127730646,14107.330539104758,99.99829616549636
Barangay 447,13032.740683813754,12675.800461920431,97.26120368268639,13032.740683813754,100.0
Barangay 448,18348.684982136325,15907.818170586428,86.69732019528243,18348.68498213465,99.99999999999089
Barangay 449,16571.54894257104,16056.523998097891,96.8921134273086,16571.548942571044,100.00000000000003
Barangay 45,17654.379443777296,825.2576634312843,4.674520937195365,4450.354232061649,25.208216727381384
Barangay 450,33803.94996073418,30636.171621860332,90.62896986135213,33803.949960734186,100.00000000000003
Barangay 451,19550.159454218323,19550.1594542229,100.0000000000234,19550.159454218323,100.0
Barangay 452,21503.950216968256,21403.950216929286,99.53496916134013,21503.95021696826,100.00000000000003
Barangay 453,20013.236857641557,18473.953935621947,92.3086758380523,20013.236857641554,99.99999999999997
Barangay 454,19797.096088198567,19306.350189638855,97.52112180304941,19797.09608820249,100.00000000001981
Barangay 455,18707.506052253426,18619.43182593871,99.52920380691735,18707.50605225283,99.99999999999682
Barangay 456,24638.84043840814,23054.165638540577,93.56838726307387,24638.84043840422,99.99999999998408
Barangay 457,24566.977466892506,22630.152369480646,92.11614412061066,24566.97746688833,99.999999999983
Barangay 458,34093.54154088504,27113.599474336006,79.52708415997594,34093.541540884566,99.99999999999861
Barangay 459,20512.083549209547,19765.744537359667,96.36146659572942,20512.083549215084,100.000000000027
Barangay 46,16348.344193853129,4532.261317122092,27.72306028904256,8426.35487234825,51.542558514987135
Barangay 460,34069.16446042203,29751.264457686702,87.32607602469557,34069.16446042051,99.99999999999554
Barangay 461,22146.78140838561,20595.5512897557,92.99568596436069,22146.78140838576,100.00000000000067
Barangay 462,24547.50781736807,21852.04286495702,89.01939466741332,24547.50781737182,100.00000000001528
Barangay 463,13295.550965953964,13295.550965951223,99.99999999997938,13295.550965953964,100.0
Barangay 464,24099.383643964477,12086.364347210283,50.152172046264056,23100.768049744394,95.85626085308543
Barangay 465,12963.101314183901,12963.101314179878,99.99999999996896,12963.101314183907,100.00000000000004
Barangay 466,18753.670917025553,16397.903638825646,87.4383671942264,18453.670917068044,98.40031319049567
Barangay 467,12414.969408785251,12159.15788139603,97.93949127890559,12414.96940878525,99.99999999999999
Barangay 468,13387.128700927111,12887.128700866346,96.2650691479037,13387.128700927111,100.0
Barangay 469,14146.71146760511,14146.711467598863,99.99999999995585,14146.711467605108,99.99999999999999
Barangay 47,33261.71559693498,5210.933581699755,15.666460638548472,16238.175355688178,48.819416149371754
Barangay 470,273485.5560933386,250498.24313786777,91.59468847867585,271985.5560934724,99.45152496486716
Barangay 471,35941.28976583042,33361.5289413532,92.82229201766205,35841.28976578802,99.72176847104281
Barangay 472,16417.36056820439,14416.542820367373,87.81279280841274,16417.360568206986,100.00000000001583
Barangay 473,17460.527703135715,17460.527703138097,100.00000000001366,17460.527703135715,100.0
Barangay 474,25274.622478688834,24779.276239858416,98.04014386664693,25274.622478687947,99.99999999999649
Barangay 475,25935.623745367793,24635.62374523966,94.98758922132991,25935.623745367793,100.0
Barangay 476,33359.81364620379,31496.270424067756,94.41380805690413,33359.81364620443,100.0000000000019
Barangay 477,22820.343388023502,16009.133887110262,70.15290530427392,22820.343388023495,99.99999999999997
Barangay 478,25786.305237824872,23015.210918170305,89.25362011309103,25586.305237866247,99.22439450664203
Barangay 479,50318.755489833304,34981.764789399764,69.52032984295028,49518.75548988473,98.4101355604667
Barangay 48,16896.73078354383,12886.115328832777,76.26395599190646,16894.636297596957,99.98760419412663
Barangay 480,15720.289071621275,12133.952555247437,77.18657398706492,15720.289071622494,100.00000000000774
Barangay 481,18759.28979874354,13223.810297115891,70.49206254067036,18059.289798835187,96.26851545331296
Barangay 482,16362.654707949023,15134.280306227693,92.49281718861559,16362.654707947673,99.99999999999176
Barangay 483,23013.48954204529,14955.437443233128,64.98552692719535,23013.48954204374,99.99999999999326
Barangay 484,17182.9300787439,9162.327078952087,53.32226248354651,16856.95774547021,98.10292929215295
Barangay 485,22512.5361960772,16546.842774261622,73.50057154886397,22512.536196077195,99.99999999999999
Barangay 486,19264.47323802337,17564.473238273076,91.17546595359323,19264.47323802337,100.0
Barangay 487,22735.515683277918,22275.116561348306,97.97497831875334,22735.515683277918,100.0
Barangay 488,22234.90513633607,18905.439535424655,85.02595095190924,22234.905136335663,99.99999999999817
Barangay 489,22616.191958164658,16207.942384938635,71.66521408608497,22616.191958165058,100.00000000000178
Barangay 49,19847.556908316576,14467.928073659568,72.89525930315978,19847.09935049343,99.99769463906686
Barangay 490,21847.271561770554,16208.252766969577,74.18891059756673,21547.271561765025,98.62683081886306
Barangay 491,21939.909970844947,20900.536471225896,95.26263553040904,21939.90997084495,100.00000000000003
Barangay 492,30190.607793987718,18819.343143026777,62.335091997632915,25614.62611468117,84.84302896274308
Barangay 493,19730.921716683202,16667.69076340746,84.47497285093544,18130.17303773603,91.88710643155773
Barangay 494,43790.25458987799,34316.5568103496,78.3657394361936,37049.108208076126,84.60582966475818
Barangay 495,37514.816359308905,30838.652562500763,82.2039278218364,36707.22072027653,97.84726218223382
Barangay 496,25399.614905041293,5915.383400318584,23.289264118506395,7341.800099180027,28.905163037423975
Barangay 497,37822.6187143179,37222.61871423769,98.41364765191926,37722.618714406664,99.73560794225658
Barangay 498,21805.962381514666,7677.071052182052,35.20629320488076,14238.947259574845,65.29841247293663
Barangay 499,21424.41966561278,4810.767385386092,22.45459835305413,20924.41966562492,97.66621449826067
Barangay 5,24741.847790367072,6958.362458370947,28.12385929025114,17729.880743597692,71.65948515171368
Barangay 50,35383.035417441046,30237.408906710098,85.45736268801133,35383.03541743763,99.99999999999035
Barangay 500,40075.70416857062,37097.418204725785,92.568350262001,39954.70346851542,99.69806968444964
Barangay 501,18864.14685889535,5879.810703235459,31.169237322083536,16430.320821558642,87.09813883690668
Barangay 502,17473.44828619557,16914.771736563453,96.80271151703076,17473.44828619319,99.99999999998639
Barangay 503,26217.081498952277,25375.75804855444,96.79093399304777,26217.081498954645,100.00000000000904
Barangay 504,21976.132936003185,21576.132935961232,98.17984355479284,21976.132936003185,100.0
Barangay 505,18456.933393817646,16591.69187113993,89.8940875882312,18356.93339383019,99.45819818572379
Barangay 506,16170.592845731015,14371.672610617856,88.87536002993194,16170.592845734618,100.0000000000223
Barangay 507,24606.58026076341,24071.559766603303,97.8257015461298,24606.580260759805,99.99999999998535
Barangay 508,18858.805390892336,17267.66032761302,91.5628533711486,18758.805390892387,99.46974371956644
Barangay 509,21931.011057443804,18730.35834318593,85.40581323006761,21931.011057442214,99.99999999999275
Barangay 51,40236.7749354893,33666.22176172741,83.67027878278934,40036.77493543501,99.50294227016218
Barangay 510,18613.82731388303,8675.1539250461,46.60596544041095,17966.651651116652,96.52314566019594
Barangay 511,21674.527291597587,10561.437990429182,48.72742020317767,21074.527291670456,97.2317735383335
Barangay 512,55266.7479758036,12918.423463650292,23.37467634119909,15284.476953383612,27.655828347409418
Barangay 513,34684.35820876043,28109.596832414303,81.04401604673342,32990.73600396395,95.11704326600828
Barangay 514,34098.563039690365,11773.96908875245,34.52922363633821,26591.8251756232,77.98517827472847
Barangay 515,42925.088768270536,11351.489192631227,26.444882278314697,15413.118128734675,35.90701515363616
Barangay 516,17129.478976208426,5806.865520806807,33.89983740236415,6206.865520625599,36.2349930739077
Barangay 517,24024.87170242941,23814.086708431452,99.12263841984786,24018.49390697259,99.97345336309881
Barangay 518,34653.467258969475,8018.594957687283,23.139372743752798,19551.98738019244,56.42144618337357
Barangay 519,21837.43585572469,20212.666471689892,92.55970620923948,21762.541860406847,99.65703851032397
Barangay 52,26390.234921752974,23949.42909237971,90.75110230503725,26390.234921754796,100.0000000000069
Barangay 520,37371.596674746885,20423.301258849497,54.64926060451182,29646.49066973349,79.32893776991476
Barangay 521,44361.866370053714,31858.515231255198,71.81509219089382,44361.866370053816,100.00000000000023
Barangay 522,19987.335199334157,12306.265003801731,61.57031380657334,19277.38126200307,96.44798103273547
Barangay 523,24929.345685655222,4222.738745622173,16.938827030875544,6832.903360428013,27.40907622120136
Barangay 524,24928.944204562456,5954.784393140023,23.887030049392095,7371.77974173287,29.571167078883743
Barangay 525,26415.445481686274,2922.625541898958,11.064078188365981,3208.0445656316224,12.144578700577839
Barangay 526,12719.04293423494,10362.273576326448,81.47054483506032,10953.159813616463,86.11622643504587
Barangay 527,20573.936820969015,5253.922189639184,25.536785863386008,6028.300266940117,29.300664813921546
Barangay 528,22671.596080548945,19846.327731590696,87.53829091290937,21770.108957893444,96.02371566848383
Barangay 529,15238.523522696645,6417.289922894744,42.112281503760315,8085.594259289308,53.060221006624545
Barangay 53,24537.818102677757,22037.600286630404,89.81075739666312,24537.81810268371,100.00000000002424
Barangay 530,25149.092753485522,9243.461946143349,36.75465368372884,11172.355909721331,44.42448886420726
Barangay 531,24904.563058479293,22850.023545351803,91.7503490894293,23325.61274232754,93.65999591141525
Barangay 532,13746.754357506727,698.2465179144691,5.079355459153715,897.4459632457593,6.528420745044365
Barangay 533,12618.758075037347,1326.769117216766,10.514260669133552,2050.0301759000977,16.24589491065293
Barangay 534,17471.200158412816,1716.5566500516516,9.825064302895568,2164.8175400015216,12.390777510262271
Barangay 535,13124.14776592389,101.7534820390941,0.7753149679043639,302.5540368834269,2.3053233038795202
Barangay 536,15640.893197287844,7349.0582699573315,46.98618024724873,9146.642639632739,58.479030092851616
Barangay 537,16732.43143276942,10369.15889616482,61.970425146087685,13421.25809325062,80.21104492301058
Barangay 538,12251.83435351457,7137.20032452272,58.25413663444884,10472.497939114171,85.47697950315516
Barangay 539,54196.72716735554,399.99999999505235,0.7380519468636575,700.0000000468572,1.291590907113834
Barangay 54,27060.481479580274,25960.481479630882,95.93503167791214,27060.481479580732,100.00000000000169
Barangay 540,22185.346220487685,3047.2664731624027,13.735492080571266,4970.335596593493,22.403687313220725
Barangay 541,13771.440290464821,166.95506869834384,1.2123283053693483,670.6749963352052,4.870042509639115
Barangay 542,12160.803449727817,3167.2272122181485,26.044555569961435,9834.52591176806,80.87069207576228
Barangay 543,12149.142722029184,5518.87302700379,45.42602843076991,12149.142722032177,100.00000000002463
Barangay 544,13552.77259090722,2697.9587072595264,19.90706100292446,13061.29157462246,96.37357586436224
Barangay 545,10823.05746230658,1821.5749829903004,16.830502742263842,3272.6553470581516,30.23780810973069
Barangay 546,15943.440644058215,0.0,0.0,0.0,0.0
Barangay 547,27923.841611995875,0.0,0.0,0.0,0.0
Barangay 548,14527.437891723119,847.3310976716941,5.832625849011226,7256.862347924253,49.95280242814727
Barangay 549,13935.58631612677,0.0,0.0,0.0,0.0
Barangay 55,36490.61296607937,29638.041675415203,81.22100251636189,34029.006076159254,93.25413663999464
Barangay 550,12127.900508841924,1012.0319155902451,8.34465878782908,4795.700323554336,39.54270832002621
Barangay 551,12296.181354310595,377.02372328374713,3.0661854474972943,2253.8196547664,18.329427566358174
Barangay 552,16887.91332474397,0.0,0.0,143.24287894093513,0.8481976203126135
Barangay 553,10528.258417219586,206.49535740698238,1.9613439300582431,516.7218849850017,4.907952146576044
Barangay 554,27784.046615814863,0.0,0.0,929.2132944611917,3.3444130990345995
Barangay 555,17328.796176752723,3468.4873583574786,20.015743292142783,4706.378581992298,27.15929331724782
Barangay 556,13693.736263212839,2007.8526261145937,14.662562411900208,2593.609272757406,18.940114099648145
Barangay 557,12254.462792588401,2257.012885328507,18.41788516991187,3075.8475526493935,25.099815509739777
Barangay 558,14136.542243485499,4225.431330089657,29.890133367209014,6444.50635290186,45.587571853871566
Barangay 559,14136.474485650571,8600.201685315196,60.83696252587555,10253.320021150634,72.53095551906108
Barangay 56,53006.19943139554,45993.29074517216,86.76964437848447,52938.63619180166,99.87253709883252
Barangay 560,15181.09205209775,2003.6937462952758,13.19861403526897,2990.537456014031,19.69909309390422
Barangay 561,21582.329867447286,9605.347344324877,44.50560900198574,11340.585782483964,52.545697578225855
Barangay 562,21662.256464835416,7826.647292727766,36.130341755637744,9413.739257712345,43.456872893153
Barangay 563,13482.137341455636,4075.0094321016377,30.225247888341627,5475.404628525578,40.61228935629884
Barangay 564,16101.64199974342,4458.366346279848,27.68889251388704,5738.806005954633,35.64112284974465
Barangay 565,32309.28268881881,19965.41408046163,61.794668339606964,24311.47025174692,75.24608480447735
Barangay 566,28451.26670546022,25547.712581470765,89.7946402385233,27648.807673770076,97.17953144231663
Barangay 567,35239.7488018431,23243.49462729753,65.95817341944802,26035.97799887055,73.88241654409529
Barangay 568,20966.65744014339,13420.517938056008,64.00885776080207,15663.258487831443,74.70555825384974
Barangay 569,20682.721188777454,5161.37622957856,24.955015263558007,7716.739334855659,37.31007764608266
Barangay 57,27530.998175311266,14955.109697797132,54.32098612104917,22930.99817548686,83.29156113217316
Barangay 570,38664.26939689025,2112.286962590619,5.46314981645692,3144.876527877448,8.133805647780813
Barangay 571,22037.51723197179,8336.509170225198,37.828713109890074,8936.509170117937,40.551342857955646
Barangay 572,15356.096676451862,14242.583763470331,92.74872425953744,14950.55940764562,97.35911229688908
Barangay 573,15713.889464561675,0.0,0.0,0.0,0.0
Barangay 574,17404.66089082192,13518.935602862763,77.67422581609598,14018.926304057633,80.54696607993263
Barangay 575,14891.697824181307,13719.006192123,92.12519857773319,14255.830985401357,95.73005814187673
Barangay 576,36723.588101991634,17012.181576777628,46.324943874030126,20561.19088066428,55.98905756038904
Barangay 577,11961.26634920285,638.4917199174504,5.337994333350851,901.6762257861438,7.538300707150756
Barangay 578,25298.36524840066,563.8517582470539,2.2288070897494063,1186.3804728579014,4.689553894921741
Barangay 579,30014.831616836855,6271.4333859089365,20.894448004802292,9921.480067256474,33.055258126755604
Barangay 58,29865.975261660675,26780.685036237533,89.66954804458112,29865.975261659554,99.99999999999625
Barangay 580,22721.378855280243,1400.0000000113505,6.161597889496055,1604.5770594586902,7.061970445010211
Barangay 581,180631.2619296216,10942.179692192361,6.057744144231083,16097.90599596508,8.912026536268801
Barangay 582,13370.236477353666,2214.9797158433194,16.566496184229976,5678.352167149078,42.4700952504991
Barangay 583,10916.898013456917,8776.56005888231,80.39426628391803,10061.344053789164,92.1630305732165
Barangay 584,100337.29393540153,37890.00682153609,37.76263574133281,48393.19823811343,48.230519620421106
Barangay 585,68188.50887253725,11546.026443304745,16.93251052737843,15180.125674846357,22.261999750166282
Barangay 586,110249.53885674807,8200.830144811192,7.4384258019136755,15545.402174787901,14.100197003986297
Barangay 587,73356.3395966651,1768.5485007675047,2.4109006944614584,3153.69119699237,4.299139262308206
Barangay 587-A,21945.73023824851,863.400701708294,3.934253690057215,6533.243890082543,29.769999991597277
Barangay 588,19477.095081953747,9887.95525384375,50.767094437020575,18325.645151827834,94.08818447884062
Barangay 589,32840.44143965425,800.0683010561812,2.4362288263583234,3348.3591558615317,10.195840887261788
Barangay 59,22568.241141332863,15217.74749299719,67.42992241928182,22368.24114139804,99.11379890580605
Barangay 590,36206.989122375904,4217.375882600776,11.647960752401916,6207.502000383251,17.144485500858774
Barangay 591,66693.28662268333,2366.9721672152605,3.5490411210447372,2812.2572822835195,4.216702197019979
Barangay 592,32291.55211284227,8844.84596069779,27.390587884378025,13267.026182146517,41.085130054402846
Barangay 593,43847.89525486537,6270.468118712206,14.300499675674704,9165.684120912014,20.903361649713364
Barangay 594,30363.384555800345,20452.03303466105,67.35755362540465,28663.384555870634,94.40115117336299
Barangay 595,48687.07614140798,27227.68780598013,55.923850770786366,46285.94198551882,95.06823094302223
Barangay 596,22264.086978261956,18991.19818737489,85.29969455256519,21354.677111277524,95.91535072661028
Barangay 597,30435.103013706357,29953.294416623055,98.41693127548699,30435.103013709853,100.00000000001148
Barangay 598,76818.9070097899,76811.43650005844,99.99027516789518,76818.90700979216,100.00000000000296
Barangay 599,35968.97760508178,20336.634542078435,56.53937336046278,24795.32565075859,68.93530842882632
Barangay 6,41515.26892462197,32870.69382873044,79.17735975265576,39915.26892458831,96.14599630093032
Barangay 60,13617.311150872154,13117.311150696743,96.32820316260904,13617.311150873884,100.0000000000127
Barangay 600,63689.86887015487,14345.722164417784,22.524339300595113,20257.77537732169,31.806903887055267
Barangay 601,116321.0327256694,66110.69306356767,56.8346854514975,75679.29362815074,65.06071331625141
Barangay 602,135307.36328575047,82957.0643044545,61.310088593819266,113953.66032054271,84.21837330455425
Barangay 603,47605.140627737,1700.0000001874287,3.5710429121113205,2303.6352912178295,4.839047339932913
Barangay 604,20002.275834466505,15348.653414410539,76.73453531704041,18432.52922877825,92.15215999079776
Barangay 605,38460.96610323738,1548.9958172739796,4.0274490586537715,5342.828567526481,13.89156100027544
Barangay 606,30727.976951704728,15568.31526127258,50.66495358852083,22681.616792878944,73.8142209248846
Barangay 607,47003.534975691386,13322.835740921872,28.34432718265123,35519.98272989978,75.56874764476649
Barangay 608,25801.783870493826,25641.69748459514,99.37955303128574,25801.78387048632,99.99999999997091
Barangay 609,28675.878532927374,26818.87605306344,93.52416534429237,28675.878532928888,100.00000000000529
Barangay 61,43634.66342089667,39098.79780588493,89.604902938613,42961.39934438767,98.45704303934983
Barangay 610,29232.07285088511,24728.229901429862,84.59280334846704,29232.072850889406,100.0000000000147
Barangay 611,31773.457984707027,19612.0592789803,61.72466115718295,30852.77043555328,97.1023375875648
Barangay 612,21915.36210317012,18673.458439411726,85.20716359375399,21805.620790471203,99.49924937501699
Barangay 613,26124.98065114718,23356.784357904453,89.40402547964692,26124.98065114332,99.99999999998522
Barangay 614,16544.32297667943,16261.629225851144,98.29129453512988,16544.322976680636,100.0000000000073
Barangay 615,20347.296607662047,1926.7132579843033,9.469136343443155,11183.73891330534,54.96424969346519
Barangay 616,31402.00376681808,27896.804226051772,88.8376564540439,31402.0037668199,100.0000000000058
Barangay 617,31265.047535972168,28043.9574978573,89.69747276280702,31265.04753597539,100.0000000000103
Barangay 618,40174.96729979213,39694.59504617813,98.80429957782073,39786.48973092689,99.03303575590652
Barangay 619,201031.66164263585,158256.60435144836,78.72222865708257,200962.7647049562,99.965728315074
Barangay 62,20672.299192760875,14677.315529072966,70.99991825879115,20472.299192677332,99.03252174216993
Barangay 620,22443.222289261168,21643.222288916593,96.43544946428051,22443.22228925812,99.99999999998641
Barangay 621,79332.80300311567,24195.228314712644,30.49839082801904,48995.104329684815,61.758947717705894
Barangay 622,24813.58365675417,24015.7489600959,96.7846857282096,24813.583656761715,100.0000000000304
Barangay 623,25296.11803308164,25296.11803308159,99.99999999999982,25296.118033083367,100.00000000000684
Barangay 624,24221.699014563772,24121.69901452722,99.5871470453975,24221.699014556558,99.99999999997021
Barangay 625,32069.647733247493,31902.289079614435,99.4781400312684,32069.647733244125,99.9999999999895
Barangay 626,32832.06651469305,27591.008793687368,84.0367717375932,32832.06651468782,99.99999999998407
Barangay 627,40282.96966278611,26014.65109174033,64.57977480188849,38911.38701217327,96.59513024463058
Barangay 628,183964.38462593642,90814.17680168315,49.36508606616436,157565.39731131232,85.64994666315307
Barangay 629,39382.95783317992,20586.302853211582,52.27210952618632,31787.530653587302,80.71392399787322
Barangay 63,18663.56848314849,16963.482327945097,90.89088371959298,18563.56848310735,99.46419678459972
Barangay 630,255175.1827238871,139558.1203923332,54.69110236450477,195375.1590898722,76.5651098999225
Barangay 631,48916.436566114025,31756.052381252215,64.91898145183094,46472.869536848026,95.00460949161055
Barangay 632,14673.729069859515,9501.741733502182,64.75342217554757,13056.292625731432,88.97733196225921
Barangay 633,15540.672966200653,13667.883145221595,87.94910731953384,14609.735773392826,94.00967258732928
Barangay 634,59264.14316412115,53013.692846684105,89.45323431045384,58030.991376755905,97.91922784751944
Barangay 635,53185.583587701905,50757.215576133414,95.43416119978421,53014.792595975916,99.67887728176498
Barangay 636,85151.67928572315,72480.04729663476,85.1187526829985,82822.47027729673,97.26463526266951
Barangay 637,31249.022303800888,29443.30027131176,94.22150870854767,31161.19865227043,99.71895552226677
Barangay 638,125406.40777463869,123589.43788084494,98.55113472585951,125094.2314261372,99.7510682635432
Barangay 639,30284.171248924584,29674.585650906836,97.98711480988804,30284.171248923005,99.99999999999478
Barangay 64,15426.746522605237,10899.83351914384,70.65542629595951,15426.74652259546,99.99999999993662
Barangay 640,105555.4590194778,104687.67800827532,99.1778909217359,105555.45901947866,100.00000000000082
Barangay 641,88016.67049319038,82192.02724044937,93.38234084508838,87816.67049308615,99.77277031841405
Barangay 642,56035.095022718546,55591.75741620094,99.20882153168856,55935.09502274704,99.82154041153858
Barangay 643,131924.97164585063,127569.7329280001,96.69870028129165,131524.97164572094,99.69679735751357
Barangay 644,25008.320585068235,22673.14490115029,90.66240503445795,25008.32058506392,99.99999999998275
Barangay 645,84163.10633015978,82794.84765236193,98.37427735564992,84163.10633016012,100.00000000000043
Barangay 646,69558.88211436573,64282.739970937146,92.4148548926451,69358.88211433098,99.71247381505367
Barangay 647,115754.12238717855,112550.97949905726,97.23280448068424,115754.12238717845,99.99999999999991
Barangay 648,42272.417462555706,26452.478523634592,62.576214258542976,41172.417462332836,97.39783039094645
Barangay 649,1102552.6892421786,119427.31256772464,10.831891639556114,192386.07681328902,17.449150384415862
Barangay 65,19391.496471148672,14877.790529704427,76.72327172810056,19391.49647114438,99.99999999997786
Barangay 650,105888.43355045258,31884.998232422186,30.11188017738497,49198.31814939247,46.46241001001397
Barangay 651,173902.31353337836,57519.693020703286,33.07586417455171,80417.74279886007,46.24305517558563
Barangay 652,95163.70266287445,28793.502587282495,30.256811979338323,44902.84709221268,47.18484657042492
Barangay 653,295900.9333137346,46910.67019522337,15.853505316755943,77429.60604818331,26.167408524557473
Barangay 654,86809.64346500242,27868.228021780735,32.10268687834883,51966.26386559776,59.862316894030464
Barangay 655,200210.20620021838,30194.976155716053,15.081636810023483,48842.529832296925,24.39562435865652
Barangay 656,321117.8630645477,123203.61685566186,38.36710162427083,162805.00247141358,50.69945375125028
Barangay 657,326559.3517973943,130400.79992800952,39.93173039151348,207056.15375438283,63.40536647158882
Barangay 658,248302.2290832922,77310.48979386948,31.13564065827855,111690.44938532241,44.98165392943621
Barangay 659,140367.790036698,125167.79003785091,89.17130490201977,139367.790036642,99.28758584872315
Barangay 659-A,355383.8398068068,286789.6663728057,80.69856708417295,334956.592766136,94.25206079945124
Barangay 66,26446.878899098938,5168.031279588172,19.541176481752068,12505.105351159527,47.28386059795353
Barangay 660,56305.225044240346,52501.17217245764,93.24387236034707,56305.22504424317,100.00000000000502
Barangay 660-A,115960.38680641461,68595.17321017334,59.1539706785273,99685.40863831085,85.96505357017016
Barangay 661,122258.58998545204,110610.35914134109,90.47246426979322,121863.39902709563,99.67675812521358
Barangay 662,132465.38425192857,118140.10501860085,89.18564324240114,132465.38425193413,100.00000000000419
Barangay 663,51748.449614963654,48489.953811032465,93.70320110423374,51748.4496149645,100.00000000000162
Barangay 663-A,75280.62534393289,74280.6253440225,98.67163696456862,74980.62534396342,99.60149108937543
Barangay 664,142936.12419067285,103646.80295990166,72.51267203918282,136219.26499797762,95.30079661056492
Barangay 664-A,158518.59499857214,156318.59499868925,98.61215020237675,158518.59499857246,100.0000000000002
Barangay 666,691250.8976017075,292827.79465505155,42.36201293495843,433711.05841656425,62.742928786251596
Barangay 667,199162.76603208182,47013.07350926704,23.605352770454097,93878.78396738708,47.13671427533034
Barangay 668,155964.07683898258,38114.33042520566,24.43789056922058,64537.33766878046,41.37961700976107
Barangay 669,245563.91187520753,70160.97201363606,28.571369252861135,139068.555946714,56.632326340112584
Barangay 67,20074.613026853658,4694.13927794886,23.3834608501272,14188.014455220567,70.67640325739464
Barangay 670,141953.14359493714,52449.052612111176,36.94814449602778,118181.58960481235,83.253943246261
Barangay 671,33986.28832159685,31986.28832180316,94.11527383964794,33886.288321596025,99.70576369194963
Barangay 672,91373.80656884024,87042.94993914502,95.2602865171953,91273.8065689218,99.89055944622041
Barangay 673,84920.75106222497,61699.56724324651,72.6554657977962,83416.58565437411,98.22874222255913
Barangay 674,176842.26090107177,92397.3586784363,52.24846041191748,155129.28922001808,87.72184229582982
Barangay 675,85987.57643354392,26410.938901486825,30.714831138308334,85187.57643351905,99.0696330409508
Barangay 676,147587.93680944518,48609.383793916626,32.935878666477684,123787.9368103848,83.87402079494531
Barangay 677,64847.5358695601,62934.271700329424,97.04959618962364,64747.53586958001,99.84579213590901
Barangay 678,61187.948198470076,58987.948198701924,96.40452071928904,61187.94819847009,100.00000000000003
Barangay 679,45076.18967143507,31547.751771235082,69.98761874326523,43544.004118971716,96.60089824887238
Barangay 68,7307.9354819922055,1084.6852837022059,14.842567868518064,3473.6879039559835,47.53309484622088
Barangay 680,38134.34702956572,37934.34702961673,99.47553841739068,38134.34702956572,100.0
Barangay 681,35046.449637184895,34946.44963719763,99.71466439247767,35046.44963718489,99.99999999999997
Barangay 682,67953.34183248121,52436.98583146118,77.16616198321637,60753.34183258206,89.40449460506503
Barangay 683,19491.393437182705,18294.348573656232,93.85859780941605,18979.257212366156,97.3725007066987
Barangay 684,29850.09495453525,28368.5650859262,95.03676664725667,29270.894081905593,98.05963473981627
Barangay 685,45482.93278028072,36932.16820050089,81.20005888563317,42436.35305285376,93.30170782490127
Barangay 686,43161.83052741338,22645.790973429943,52.46716994323704,40844.84057209027,94.63185428650547
Barangay 687,34396.63126757257,15696.925854631003,45.63506737774429,29869.4735001255,86.83836875701532
Barangay 688,46912.85536757808,12878.742301587577,27.45248013722098,32466.169215968723,69.20527211909254
Barangay 689,24625.528504908973,983.4113646640623,3.9934629807763287,9221.075610816943,37.445188674747705
Barangay 69,23625.73803716012,3800.0000001717126,16.084153621761242,6176.800567719603,26.144370846761795
Barangay 690,12881.934153516482,1276.1752664012793,9.906705399925613,6115.613146945513,47.4743394436315
Barangay 691,14671.467159387392,1164.8079201043026,7.939273608086372,6838.143051135183,46.608447381895715
Barangay 692,39947.62855286812,16157.498675163695,40.44670299710103,25915.61665117917,64.8739802335989
Barangay 693,27851.295405197,11093.101055887544,39.82974900987044,17655.085011144572,63.39053445912669
Barangay 694,71487.55016126024,26111.61921755244,36.52610721538275,67447.12370954874,94.34806977914731
Barangay 695,47651.669071152835,10903.81248635991,22.882330669422057,39351.669071298995,82.58193225622298
Barangay 696,83466.77302042914,19238.381281477825,23.04914948223658,48312.31632044859,57.88209436181722
Barangay 697,85657.3741076043,39260.392428652245,45.8342236587041,61116.83883506647,71.35035304525029
Barangay 698,84606.7402583604,55175.66711132562,65.21426891384515,67241.18339385005,79.4749723113291
Barangay 699,195534.04550171472,29101.432027491,14.88305116012945,45205.27003142276,23.11887421724026
Barangay 7,44040.722704269916,20195.055228482583,45.85541287342361,38556.59148915926,87.54759032467251
Barangay 70,12732.189966649903,100.00000005878974,0.7854108391464862,99.99999999155989,0.7854108386184558
Barangay 700,39516.969961375005,6683.739206860831,16.913592346259605,14860.965572678953,37.60654115739258
Barangay 701,191438.41712660546,33032.65989803678,17.25497963984472,61645.64850198798,32.20129450883382
Barangay 702,43462.73012632189,29607.250705491984,68.12100993066987,38261.798184654566,88.03358204477463
Barangay 703,58588.2117081863,10361.005731716601,17.68445465330511,22797.418343031277,38.9112718725393
Barangay 704,35854.64591554001,13072.184151869405,36.458829303913724,24634.159440778534,68.70562743474667
Barangay 705,22879.774677369714,12562.323001403114,54.905798586506414,21979.74180317545,96.06625114588876
Barangay 706,40139.59835580821,14193.748662521419,35.360963347725125,28473.905563067376,70.93719600945433
Barangay 707,4394.683400720885,1832.9335639096162,41.70797749865097,4391.525162594007,99.92813502500863
Barangay 708,20168.772655314264,2507.2137905648456,12.431166900501605,9567.881274788362,47.43908535389893
Barangay 709,43862.82890374867,11566.934591965946,26.370699020229853,22520.255501382744,51.34246026584501
Barangay 71,39840.14977073022,8658.978694701467,21.734302567966374,28759.163241961935,72.1863833531337
Barangay 710,10387.080444231877,4227.930860489146,40.70374618920938,8899.281178102343,85.67644417391863
Barangay 711,8760.84846119149,1852.7224770880887,21.147751673770138,5464.463528095294,62.37367935653253
Barangay 712,13130.243645006654,5068.924738638786,38.60495567092135,12013.500379414223,91.49487781198088
Barangay 713,5250.643746777423,2307.012965047261,43.93771652215383,4470.50847907987,85.14210246740963
Barangay 714,15467.434752732166,4740.946731060127,30.651150671398092,8514.008404772032,55.04473457221546
Barangay 715,5368.558044404742,2097.9744869270153,39.07891969452732,3970.4352168500427,73.95720012728816
Barangay 716,4890.522249480537,2942.2056860168263,60.16138023560455,4866.645216168859,99.51176925298289
Barangay 717,2741.0147557321316,2407.486678080243,87.83194884469702,2741.014755732053,99.99999999999713
Barangay 718,8380.38770268474,5366.855562301009,64.04065960554168,8249.175916090213,98.43429932779253
Barangay 719,497873.59688529273,191763.6044366538,38.51652420138983,257649.1772995858,51.74991783284839
Barangay 72,26753.157816064493,6792.871747267866,25.39091569664701,8862.51865576106,33.1270002468246
Barangay 720,53193.789110339116,28155.980663509545,52.930955163028514,32587.019751031683,61.26094849802276
Barangay 721,133679.0023515306,71869.5472362026,53.762779473181574,108830.01646736049,81.41145172610904
Barangay 722,26061.438332239017,2051.909796562545,7.873355915372686,10208.592348370394,39.17125454945427
Barangay 723,22350.889342939652,7772.668684328186,34.77565731308794,14218.516881838386,63.6149938540581
Barangay 724,83218.33294981207,18835.987495188176,22.634420598821563,38538.50923145241,46.310119255446395
Barangay 725,52903.98157401984,17903.8749680579,33.842207023696226,31708.741855269225,59.93639970349754
Barangay 726,43239.14996569966,9798.778475681906,22.661820325919884,18802.653783684564,43.485253060247835
Barangay 727,57898.22491126489,12484.564110878699,21.56294796604318,29787.688151289854,51.44836166729224
Barangay 728,71364.76395160741,28872.545838917016,40.45770523180816,60229.667705549444,84.39692695738657
Barangay 729,31462.21097853287,11656.084399432857,37.04788709028102,19694.447568984528,62.59715053853762
Barangay 73,10383.710217434465,1873.3338784682342,18.041083959786047,2107.8582568091256,20.299663729733016
Barangay 730,45088.866235626134,8021.429730605985,17.79026708874751,14477.260671738397,32.108282776690125
Barangay 731,36278.52835519858,28147.53866679311,77.5873221515604,34897.73645091684,96.19391423278647
Barangay 732,23187.97537939442,18693.089710213862,80.61544574014489,21287.975379580832,91.80609790753019
Barangay 733,40854.669184146864,38846.86355423665,95.08549287020216,40827.941561352476,99.93457878052098
Barangay 734,15041.545117460426,2532.1765914696352,16.834551049747216,3576.2939978764434,23.77610790612883
Barangay 735,22346.622593410055,12593.675883962731,56.35605931643811,15619.592150027866,69.89688076906097
Barangay 736,14586.538942127738,7338.693485788401,50.31141050597919,12464.592312849749,85.45270651456912
Barangay 737,11985.300492086659,655.4850421613868,5.469074743634282,3989.9000206039173,33.28994565666722
Barangay 738,32860.86260103175,19395.05939848189,59.021759817932875,27275.78680285431,83.0038673482598
Barangay 739,25868.988820284434,12516.493905134479,48.38416372626063,22071.25596290168,85.31936101652002
Barangay 74,20036.548527072737,14231.740199311562,71.02890091116289,20036.548527075123,100.00000000001191
Barangay 740,29944.975430193863,9540.775095220417,31.86102161767127,14046.355830015498,46.907221088758675
Barangay 741,14020.595225926441,1739.8685906869018,12.4093775096623,6945.923093787396,49.54085744479104
Barangay 742,7562.596324438189,2266.0712819798446,29.964197277820283,4028.0983659334433,53.263432201409785
Barangay 743,37670.4484574339,16988.997168418857,45.09900429673871,30514.201391393974,81.00302130959179
Barangay 744,33479.76883660991,27982.264309227583,83.57962220643877,32427.938545110843,96.85831077080526
Barangay 745,13684.191470764854,10662.85449434339,77.92096827294253,13437.756219360106,98.1991245012083
Barangay 746,34319.37529689143,30974.415636858568,90.25343663427394,34119.37529689542,99.41723880966411
Barangay 747,11625.313720191007,5021.573241146206,43.195163261914104,6674.572739531923,57.414130062911184
Barangay 748,28627.375359112237,16533.44462123346,57.75396596380876,27005.020635513552,94.33285551592742
Barangay 749,11581.63602572848,4214.961710839573,36.393491398590676,6394.255521116453,55.2102959107995
Barangay 75,25624.719819696016,17174.23940616952,67.02215488408511,24871.098831230578,97.05900788860068
Barangay 750,26229.98527155086,13692.646747877398,52.20226624651785,18305.954679933133,69.79018284004849
Barangay 751,25012.659120558463,18988.03383351259,75.91369530921205,22800.43010093199,91.15556243355113
Barangay 752,17073.10080137711,2812.1049117010866,16.470967660861366,11583.960512678634,67.849189479068
Barangay 753,24405.869518285195,19986.1761455159,81.890858797479,23528.725342061414,96.4060113671975
Barangay 754,13219.060290078145,11319.790298629265,85.63233732374744,12458.680499330381,94.24785291796813
Barangay 755,33694.37557514986,31833.46469914553,94.47708751315521,33381.27337719701,99.07075827164529
Barangay 756,27189.31852858364,25858.75529471862,95.10630164391128,26689.165402918774,98.16047936199995
Barangay 757,13718.18576454946,12276.56512591862,89.49117132998536,13711.857848701755,99.95387206474446
Barangay 758,19191.95489405345,13815.353563845183,71.98512939463927,17707.68554225507,92.26618986970277
Barangay 759,28083.455484269103,19571.027026518434,69.68881389073046,25131.02021839137,89.48692311908863
Barangay 76,18288.59367925038,10274.107470776511,56.177679109537905,18223.273743324917,99.64283784160193
Barangay 760,28631.549593048934,24931.54959300425,87.07719263318197,28631.5495930461,99.9999999999901
Barangay 761,29237.723977318394,29137.723977289297,99.65797611296053,29237.72397731908,100.00000000000236
Barangay 762,26594.832088004878,26511.307487270216,99.6859367246303,26594.83208800597,100.0000000000041
Barangay 763,29108.071341438983,16555.097547503094,56.874594518170085,24874.250052049963,85.45482028085576
Barangay 764,48003.65700344036,23185.003786802336,48.29841148381819,33933.14723117232,70.68867113341047
Barangay 765,29262.055638506972,9226.643591040742,31.531084845929534,15125.055584519854,51.6882879705015
Barangay 766,21685.15162470938,3330.565588803628,15.358737842573253,4876.824017383275,22.48923181070279
Barangay 767,42060.88166668793,3273.30123501321,7.782293440619085,9683.084202328531,23.021591128455825
Barangay 768,26187.266465319135,20662.13310268214,78.90145055821631,26187.266465317378,99.99999999999329
Barangay 769,33966.92252600588,23244.90679009223,68.43395003564241,26429.644156405564,77.80994623863967
Barangay 77,12815.547273563732,4032.654666652248,31.466893926339928,11662.71505123595,91.0044245655753
Barangay 770,54929.38017661949,2251.466225871761,4.098837850768413,2997.1669279389425,5.456400415045421
Barangay 771,28800.83585021003,1253.5872472678877,4.352607173582242,5444.99791780959,18.90569407821503
Barangay 772,31370.390559502524,1861.453607806502,5.933791625181542,5332.825897140732,16.999552131891917
Barangay 773,27126.91566774103,1494.1376499684463,5.507952574738363,2562.6409887802,9.446857210632535
Barangay 774,18821.716701086756,777.3603301896621,4.130124486172814,4000.6629889577957,21.255569045552576
Barangay 775,48510.700940051596,5615.705344814434,11.576219753563638,8117.482096334863,16.733384467823416
Barangay 776,31481.01327314036,6381.523426016127,20.27102295166862,22957.7696324914,72.92576459754234
Barangay 777,28042.52920355429,7750.627589266048,27.6388321930808,25827.583877254245,92.10147804350218
Barangay 778,15673.678868983767,0.0,0.0,760.7417590870759,4.853626040485542
Barangay 779,36872.29488651468,1867.0387936533489,5.063527505949139,10841.106797320208,29.401768538375215
Barangay 78,14718.238402130719,14259.640056585626,96.88414922346479,14718.238402135397,100.0000000000318
Barangay 780,31754.911888923234,26394.354288647333,83.11896559805673,31754.91188892404,100.00000000000256
Barangay 781,32831.84980958505,14315.83906727097,43.60351046407246,32331.849809472966,98.4770885496494
Barangay 782,25177.970803582553,24310.773922551223,96.55573164415642,25177.970803581946,99.99999999999758
Barangay 783,27149.297633957714,18844.861637366746,69.41196745287446,25087.93396017244,92.40730385891467
Barangay 784,25200.979611791616,24606.223902010188,97.6399500378821,25200.979611791543,99.99999999999972
Barangay 785,14403.229216730886,6029.751166564699,41.863883965413116,13803.229216742653,95.83426750376735
Barangay 786,28509.277403449687,21083.423719494116,73.95285198264258,24317.461751859984,85.29666118060753
Barangay 787,20139.059986360462,18710.056246786786,92.9043175771784,20139.059986361077,100.00000000000304
Barangay 788,14173.423968421535,14173.423968421457,99.99999999999945,14173.423968421454,99.99999999999942
Barangay 789,19749.535462403026,18233.13777940655,92.32185645134172,19749.535462403244,100.00000000000111
Barangay 79,7835.197935929929,4837.864183556692,61.7452708038384,7680.9298185182,98.0310884463518
Barangay 790,52456.09499014304,23571.214382613733,44.93512982055368,44377.696685400675,84.59969560017693
Barangay 791,27466.17063399126,11210.328909416534,40.8150413787315,27116.02421184738,98.7251720423285
Barangay 792,30359.99949230203,20717.880511559793,68.24071428859195,30359.999492302006,99.99999999999991
Barangay 793,23005.7491365453,18354.260161259754,79.78118883380971,23005.749136547907,100.00000000001134
Barangay 794,11932.214479392276,7288.563360845933,61.0830736694665,9162.353157078658,76.78669515120305
Barangay 795,6153.755890052252,6008.558169896175,97.64050243866849,6153.755890039329,99.99999999979
Barangay 796,10823.997154144192,10569.19487427892,97.64595023227889,10823.99715415068,100.00000000005996
Barangay 797,8078.703089677398,7323.845795083403,90.65620698997445,7774.987468680845,96.24053987842892
Barangay 798,27839.320852182038,9130.268822524731,32.796305883335165,10268.906270522375,36.88633902043448
Barangay 799,16188.041293353646,7516.803888555691,46.43430142250674,7916.803888575145,48.90526126731318
Barangay 8,36398.18589292193,17894.77861036271,49.16392993597675,29467.843619001516,80.95964921353924
Barangay 80,11686.74357949176,5222.761464071178,44.6896214377137,8486.743579556372,72.618548715736
Barangay 800,18785.082039491743,7789.948062945676,41.46879979852589,8363.132348083136,44.520073590849286
Barangay 801,20772.928451543816,8034.315226922301,38.6768540875863,9394.558087938916,45.22500575618517
Barangay 802,28259.80039970459,1393.9412167510013,4.932593992297174,6054.0578294429415,21.422861251016574
Barangay 803,45519.95907041487,20317.17278853693,44.63354801595554,28122.48982089476,61.78056921666395
Barangay 804,23634.62476487846,1570.2507623035604,6.64385738265236,2011.187846713713,8.509497682833448
Barangay 805,19549.80516230577,2571.65624794232,13.154383005825366,11745.487412590102,60.07981826456628
Barangay 806,28804.42353367361,18368.01569784802,63.768037837573864,27706.89690116926,96.18972887542327
Barangay 807,31367.637693682344,18359.79602335094,58.5310127674955,21259.62919213002,67.7756782316185
Barangay 808,27703.058836066302,26929.14908348271,97.20641046476771,27505.401275806013,99.28651358887863
Barangay 809,19585.450468475312,19585.450468476705,100.0000000000071,19585.450468475312,100.0
Barangay 81,17715.14639824813,9743.328861697239,54.99999064450728,17086.91954530477,96.45373039081694
Barangay 810,25139.15466492592,25084.524095842473,99.7826873265565,25116.261190670357,99.9089329988987
Barangay 811,33075.55071529398,13038.883965046376,39.42151735365439,16851.258268921832,50.94777835741338
Barangay 812,51001.90135447816,49307.69663175174,96.67815379871585,50353.18624433153,98.72805700784002
Barangay 813,22469.270729180855,22186.73507152661,98.74256863491652,22393.707781075133,99.66370538226865
Barangay 814,17002.247008242928,16464.911795998378,96.83962236294977,17002.24700823245,99.99999999993837
Barangay 815,28928.02130949638,26177.78468001343,90.49282838926797,28611.13612538872,98.90457359417239
Barangay 816,10668.908618452238,10503.216306947608,98.44696100200858,10668.908618452586,100.00000000000327
Barangay 817,8418.794586215623,7421.822109735727,88.15777643378694,8418.794586218442,100.00000000003348
Barangay 818,14193.23727506626,14193.237275065978,99.99999999999801,14193.23727506612,99.999999999999
Barangay 818-A,8353.231026285728,8353.2310262867,100.00000000001164,8353.23102628618,100.0000000000054
Barangay 819,14583.792373078655,14583.79237307952,100.00000000000593,14583.792373078653,99.99999999999999
Barangay 82,22510.41550986131,9424.287901594176,41.866343593105185,20910.41550982847,92.89217918109101
Barangay 820,45146.638336356285,45146.638336349875,99.9999999999858,45146.63833635741,100.00000000000252
Barangay 821,13658.053752208989,13489.217785545581,98.76383583103046,13658.05375220936,100.00000000000271
Barangay 822,13581.550640430869,13481.550640407939,99.2637070488458,13581.550640430847,99.99999999999984
Barangay 823,17145.192656441784,16674.90174162578,97.25701003050959,17075.90051153723,99.59585088197584
Barangay 824,38739.52597941972,17197.52211955988,44.39270147160815,34008.81812469681,87.78842090830928
Barangay 825,59473.03285221296,30890.619734590844,51.94054893980646,47280.4769556103,79.49901777012036
Barangay 826,21266.267527898777,21266.267527899112,100.00000000000158,21266.267527896955,99.99999999999143
Barangay 827,112780.56625897404,102842.72947565156,91.18834289189276,112780.5662589694,99.99999999999588
Barangay 828,16252.32982568962,16252.329825689072,99.99999999999663,16252.329825691562,100.00000000001195
Barangay 829,168893.3626010544,101110.01017914202,59.86618338458659,154293.3626011864,91.35549214307795
Barangay 83,14027.88793563796,4903.302645145819,34.95396219048015,13334.579634441137,95.05764300101465
Barangay 830,419226.514560359,323945.5372829671,77.27219677951128,398226.51455967815,94.99077485051167
Barangay 831,173167.15392025403,127223.27507731266,73.4684795569839,158967.15392062877,91.79983058093998
Barangay 832,91259.06807732576,73151.48214389903,80.15804202812615,86813.97071799841,95.12914447519788
Barangay 833,63872.1992983533,61813.240004722946,96.77643902003005,63572.19929837801,99.53031208683771
Barangay 834,278735.37061698746,266416.414955694,95.58041175971849,276335.37061686465,99.13896826412437
Barangay 835,93087.22708224137,84971.48850839617,91.28157661558116,92791.44551348937,99.68225332516278
Barangay 836,50002.153968331855,38417.567210850684,76.83182455536195,48811.71106091286,97.61921674779661
Barangay 837,64394.4114505825,61038.10683938244,94.78789457719363,63794.41145075065,99.06824212487399
Barangay 838,49880.39471405622,32026.477651371664,64.20654414417986,38266.61919041735,76.71675296433423
Barangay 839,95703.24606726483,82033.31254706038,85.716332431821,95703.24606725838,99.99999999999326
Barangay 84,14568.44705879579,2073.009016963902,14.22944400729596,12961.755359788605,88.97142782258913
Barangay 840,26570.02670178919,26453.957004649095,99.56315551187504,26570.02670178513,99.99999999998472
Barangay 841,41365.15107737458,41365.15107737429,99.9999999999993,41365.15107737311,99.99999999999645
Barangay 842,31614.42616516356,30901.8213582225,97.74595052518686,31614.42616516356,100.0
Barangay 843,28496.531814771373,28496.531814770515,99.99999999999699,28496.531814772203,100.00000000000291
Barangay 844,33332.20255796648,19356.081259440343,58.070213709337345,26245.37475675711,78.73879534697717
Barangay 845,17431.826874499042,14606.627857503323,83.79286900142007,16043.653050104298,92.03655569557372
Barangay 846,13892.759153892175,10386.769916671046,74.76390975770356,11466.271165566632,82.53415350077712
Barangay 847,40720.50299624274,40070.107754040386,98.40278190507036,40267.08996941037,98.88652400272608
Barangay 848,41155.45516386873,40838.64030209387,99.23019959197778,41155.455163867264,99.99999999999642
Barangay 849,12051.297910207948,10468.592002848025,86.8669257108041,12051.297910208252,100.00000000000253
Barangay 85,25400.763595654455,10351.092761377751,40.751108612926146,16767.207153490323,66.01064212242362
Barangay 850,11768.14250401589,11236.459178255167,95.48201149349367,11768.142504017174,100.0000000000109
Barangay 851,23604.995339072157,13378.753308402733,56.677635882679276,18616.89000255329,78.8684332919045
Barangay 852,8812.869645933231,8795.575553404,99.80376320966904,8812.869645933388,100.00000000000178
Barangay 853,7322.385133267193,5132.548199424501,70.09393942017901,5332.548199256447,72.82528987760448
Barangay 855,44237.90106994104,28860.876221908293,65.24015724950117,43197.67080992965,97.6485542151587
Barangay 856,39725.29598904059,39267.27401816064,98.8470269145224,39725.29598904481,100.00000000001062
Barangay 857,15005.281843437784,13226.225446731767,88.14379886183846,14724.93669737348,98.13169023421638
Barangay 858,14770.529061518817,14770.529061518811,99.99999999999997,14770.529061518811,99.99999999999997
Barangay 859,34383.43125421272,31589.963542664227,91.8755411846622,34165.78988594047,99.36701672772816
Barangay 86,20757.431931804993,6351.831619332718,30.600276759671324,19544.793437360826,94.15805144669108
Barangay 860,18580.65989627053,17680.65989651168,95.15625384252637,18580.659896265133,99.99999999997097
Barangay 861,20626.52602689549,20626.526026898726,100.00000000001567,20626.526026896903,100.00000000000684
Barangay 862,43486.30196286722,42586.306958912835,97.93039425444158,43486.30196286721,99.99999999999997
Barangay 863,37505.05641787236,37299.92584684239,99.4530588922612,37505.05641787262,100.00000000000068
Barangay 864,19781.557314824615,17958.31243584267,90.78310746740057,19681.55731487393,99.49447862795037
Barangay 865,186775.4746271474,129435.93878894387,69.30028637182252,180575.47462748416,96.6805063608913
Barangay 866,157695.7912072781,153261.32840656198,97.18796375808954,157695.79120727477,99.9999999999979
Barangay 867,30022.648947464902,30022.648947470916,100.00000000002002,30022.64894746448,99.9999999999986
Barangay 868,18481.672832181543,13233.204995221973,71.60177065887358,15736.284058885218,85.14534480604013
Barangay 869,24943.61475911647,21448.65782568588,85.98857075375075,23843.61475873524,95.59005376324136
Barangay 87,20727.230041183444,4613.949443371704,22.26032824552115,19739.868535648104,95.23640397885522
Barangay 870,23738.06325336376,23738.06325335877,99.99999999997897,23738.06325336072,99.99999999998718
Barangay 871,12731.824157097977,12731.824157099023,100.00000000000821,12731.824157098308,100.0000000000026
Barangay 872,24078.30601372228,19231.171206795916,79.86928646822592,20249.294912632213,84.09767240723703
Barangay 873,40794.44523629578,37894.445236077285,92.89118902482758,40794.44523629578,100.0
Barangay 874,48771.109470334624,48757.992724659816,99.97310550074161,48771.10947033426,99.99999999999926
Barangay 875,30848.185568943354,30848.185568951172,100.00000000002534,30848.185568943085,99.99999999999912
Barangay 876,35722.65139014194,33482.50201907578,93.72905066144011,35222.65139009556,98.60032785756671
Barangay 877,29530.78229973546,27933.818304388074,94.59220558690824,29530.782299732655,99.9999999999905
Barangay 878,22348.258361734537,20448.945512930746,91.50129366655318,22348.258361737346,100.00000000001256
Barangay 879,42666.09487910823,35306.244249817646,82.7501189172708,42466.09487914382,99.5312437181535
Barangay 88,9838.98913824006,7026.0709301053275,71.41049584858176,9141.032904761825,92.90622010379532
Barangay 880,60647.23641571915,55862.41177025298,92.1103995363159,60647.23641571925,100.00000000000017
Barangay 881,43434.15291809788,43434.152918097476,99.99999999999906,43434.15291809762,99.9999999999994
Barangay 882,22363.944323051033,22363.944323050742,99.9999999999987,22363.944323048338,99.99999999998795
Barangay 883,49707.790111408875,44594.32384256906,89.71294789533164,49507.790111467235,99.59764857883768
Barangay 884,84099.77985527038,71593.90661517548,85.12971940994781,81082.2899448889,96.41201211754137
Barangay 885,31867.34995378517,17432.278056746298,54.702628496021866,25284.839864311645,79.34403049196231
Barangay 886,22302.108488893817,14999.778080559863,67.25721959441447,19728.64275023092,88.46088592948756
Barangay 887,36041.67597548482,30095.853597494068,83.50292483059046,34715.14171407651,96.31944346231124
Barangay 888,64884.642338595244,50649.59926335812,78.06099785377145,63886.04316574916,98.46096219867411
Barangay 889,61394.18532385732,42176.195532730184,68.69737795240493,61294.185323813435,99.83711812524855
Barangay 89,12413.248142070868,7636.041025124028,61.51525320148904,12413.248142068667,99.99999999998226
Barangay 890,87314.16286954522,49240.549524920076,56.39468776501888,79441.7913393871,90.98385499965211
Barangay 891,39496.893493951065,20626.10389680927,52.22209159302148,24867.864196721115,62.96156987771613
Barangay 892,28322.756326064882,26240.192078925436,92.64702833592894,28322.756322708494,99.9999999881495
Barangay 893,54086.17078418333,49980.82171751895,92.40961412660235,51533.2981358277,95.2799900393352
Barangay 894,38114.363553217656,37596.92780017829,98.64241271583379,38114.36355321766,100.00000000000003
Barangay 895,20786.035297248018,20786.03529724623,99.9999999999914,20786.035297246795,99.99999999999412
Barangay 896,129379.63793870182,91248.00894254095,70.52733366418363,129179.63793875117,99.84541616970252
Barangay 897,67304.54225850532,67195.68377468945,99.83825982591522,67304.54225850308,99.99999999999667
Barangay 898,59781.63121167143,42689.28422489231,71.40869755417094,54881.631211777305,91.80350234582177
Barangay 899,16496.462496554166,16183.801086377445,98.10467601619419,16496.462496550706,99.99999999997902
Barangay 9,12766.720027606732,7660.55311360101,60.00408168296825,12525.63461874307,98.11161043445506
Barangay 90,9981.340723264837,5304.067468282911,53.13982976174751,9979.296956782948,99.97952412868618
Barangay 900,65079.20022115357,33438.32948787634,51.38097790729675,63026.896488697195,96.84645212989373
Barangay 901,7529.89878250956,7302.340410851446,96.97793584972634,7529.898782507694,99.99999999997522
Barangay 902,11874.245868347767,11040.94355989908,92.98227173592595,11874.245868349757,100.00000000001677
Barangay 903,26182.287683851246,26182.2876838522,100.00000000000364,26182.287683851566,100.00000000000122
Barangay 904,13260.090241866024,6229.751528820172,46.98121517416982,13260.090241866028,100.00000000000003
Barangay 905,163191.94230258034,71269.50830628106,43.67219808814921,101844.24603526626,62.40764378331437
Barangay 91,56575.08829040277,18283.14891043892,32.316606942954465,47156.50760156849,83.35207071973404
Barangay 92,26574.047864391327,9280.427303945617,34.92289677246046,25834.68976560404,97.21774378310649
Barangay 93,43862.6263018426,22361.9927074715,50.981882739046355,32716.622257910632,74.58883568158858
Barangay 94,97929.38065511515,36212.29568154627,36.9779686538381,55976.21300836128,57.159774353619866
Barangay 95,33345.29412767779,9775.483332504617,29.31593074295486,18837.992216708266,56.49370536237692
Barangay 96,88678.51769751924,42825.914373874264,48.293448611706225,50700.44264880592,57.17330867182982
Barangay 97,30420.172889755635,22464.511302762505,73.8474149511744,29995.13350713043,98.60277131176878
Barangay 98,14084.330780172839,12464.992356340346,88.50255330475404,13823.990106083238,98.15155808143831
Barangay 99,12936.922957445808,10690.544023634087,82.63591009082401,11303.780267317097,87.37611180416933
Manila North Cemetery,663086.3838816993,79829.62575466232,12.03909893117405,106903.14926811057,16.122054662365542
"Tutuban Mall (Claimed by Five Barangays of Tondo, Manila)",95677.99633258721,21549.489704351658,22.522931635653475,59709.555505502394,62.406778772775965
